"LOCATION","Country","SUBJECT","Subject","FREQUENCY","Frequency","TIME","Time","Value","Flag Codes","Flags"
"ESP","Spain","LMJVTTUV_ST","Job vacancies, Total, Unfilled vacancies (stock)","M","Monthly","1980-01","Jan-1980",18999,,
"ESP","Spain","LMJVTTUV_ST","Job vacancies, Total, Unfilled vacancies (stock)","M","Monthly","1980-02","Feb-1980",19602,,
"ESP","Spain","LMJVTTUV_ST","Job vacancies, Total, Unfilled vacancies (stock)","M","Monthly","1980-03","Mar-1980",18559,,
"ESP","Spain","LMJVTTUV_ST","Job vacancies, Total, Unfilled vacancies (stock)","M","Monthly","1980-04","Apr-1980",20682,,
"ESP","Spain","LMJVTTUV_ST","Job vacancies, Total, Unfilled vacancies (stock)","M","Monthly","1980-05","May-1980",15369,,
"ESP","Spain","LMJVTTUV_ST","Job vacancies, Total, Unfilled vacancies (stock)","M","Monthly","1980-06","Jun-1980",15036,,
"ESP","Spain","LMJVTTUV_ST","Job vacancies, Total, Unfilled vacancies (stock)","M","Monthly","1980-07","Jul-1980",12840,,
"ESP","Spain","LMJVTTUV_ST","Job vacancies, Total, Unfilled vacancies (stock)","M","Monthly","1980-08","Aug-1980",10868,,
"ESP","Spain","LMJVTTUV_ST","Job vacancies, Total, Unfilled vacancies (stock)","M","Monthly","1980-09","Sep-1980",13849,,
"ESP","Spain","LMJVTTUV_ST","Job vacancies, Total, Unfilled vacancies (stock)","M","Monthly","1980-10","Oct-1980",14449,,
"ESP","Spain","LMJVTTUV_ST","Job vacancies, Total, Unfilled vacancies (stock)","M","Monthly","1980-11","Nov-1980",12258,,
"ESP","Spain","LMJVTTUV_ST","Job vacancies, Total, Unfilled vacancies (stock)","M","Monthly","1980-12","Dec-1980",9574,,
"ESP","Spain","LMJVTTUV_ST","Job vacancies, Total, Unfilled vacancies (stock)","M","Monthly","1981-01","Jan-1981",10172,,
"ESP","Spain","LMJVTTUV_ST","Job vacancies, Total, Unfilled vacancies (stock)","M","Monthly","1981-02","Feb-1981",11243,,
"ESP","Spain","LMJVTTUV_ST","Job vacancies, Total, Unfilled vacancies (stock)","M","Monthly","1981-03","Mar-1981",11826,,
"ESP","Spain","LMJVTTUV_ST","Job vacancies, Total, Unfilled vacancies (stock)","M","Monthly","1981-04","Apr-1981",11645,,
"ESP","Spain","LMJVTTUV_ST","Job vacancies, Total, Unfilled vacancies (stock)","M","Monthly","1981-05","May-1981",11935,,
"ESP","Spain","LMJVTTUV_ST","Job vacancies, Total, Unfilled vacancies (stock)","M","Monthly","1981-06","Jun-1981",12723,,
"ESP","Spain","LMJVTTUV_ST","Job vacancies, Total, Unfilled vacancies (stock)","M","Monthly","1981-07","Jul-1981",11672,,
"ESP","Spain","LMJVTTUV_ST","Job vacancies, Total, Unfilled vacancies (stock)","M","Monthly","1981-08","Aug-1981",10499,,
"ESP","Spain","LMJVTTUV_ST","Job vacancies, Total, Unfilled vacancies (stock)","M","Monthly","1981-09","Sep-1981",12761,,
"ESP","Spain","LMJVTTUV_ST","Job vacancies, Total, Unfilled vacancies (stock)","M","Monthly","1981-10","Oct-1981",12256,,
"ESP","Spain","LMJVTTUV_ST","Job vacancies, Total, Unfilled vacancies (stock)","M","Monthly","1981-11","Nov-1981",10949,,
"ESP","Spain","LMJVTTUV_ST","Job vacancies, Total, Unfilled vacancies (stock)","M","Monthly","1981-12","Dec-1981",9529,,
"ESP","Spain","LMJVTTUV_ST","Job vacancies, Total, Unfilled vacancies (stock)","M","Monthly","1982-01","Jan-1982",10316,,
"ESP","Spain","LMJVTTUV_ST","Job vacancies, Total, Unfilled vacancies (stock)","M","Monthly","1982-02","Feb-1982",12544,,
"ESP","Spain","LMJVTTUV_ST","Job vacancies, Total, Unfilled vacancies (stock)","M","Monthly","1982-03","Mar-1982",14139,,
"ESP","Spain","LMJVTTUV_ST","Job vacancies, Total, Unfilled vacancies (stock)","M","Monthly","1982-04","Apr-1982",15503,,
"ESP","Spain","LMJVTTUV_ST","Job vacancies, Total, Unfilled vacancies (stock)","M","Monthly","1982-05","May-1982",17308,,
"ESP","Spain","LMJVTTUV_ST","Job vacancies, Total, Unfilled vacancies (stock)","M","Monthly","1982-06","Jun-1982",14117,,
"ESP","Spain","LMJVTTUV_ST","Job vacancies, Total, Unfilled vacancies (stock)","M","Monthly","1982-07","Jul-1982",12567,,
"ESP","Spain","LMJVTTUV_ST","Job vacancies, Total, Unfilled vacancies (stock)","M","Monthly","1982-08","Aug-1982",11114,,
"ESP","Spain","LMJVTTUV_ST","Job vacancies, Total, Unfilled vacancies (stock)","M","Monthly","1982-09","Sep-1982",10445,,
"ESP","Spain","LMJVTTUV_ST","Job vacancies, Total, Unfilled vacancies (stock)","M","Monthly","1982-10","Oct-1982",12074,,
"ESP","Spain","LMJVTTUV_ST","Job vacancies, Total, Unfilled vacancies (stock)","M","Monthly","1982-11","Nov-1982",12539,,
"ESP","Spain","LMJVTTUV_ST","Job vacancies, Total, Unfilled vacancies (stock)","M","Monthly","1982-12","Dec-1982",11768,,
"ESP","Spain","LMJVTTUV_ST","Job vacancies, Total, Unfilled vacancies (stock)","M","Monthly","1983-01","Jan-1983",12446,,
"ESP","Spain","LMJVTTUV_ST","Job vacancies, Total, Unfilled vacancies (stock)","M","Monthly","1983-02","Feb-1983",14134,,
"ESP","Spain","LMJVTTUV_ST","Job vacancies, Total, Unfilled vacancies (stock)","M","Monthly","1983-03","Mar-1983",14544,,
"ESP","Spain","LMJVTTUV_ST","Job vacancies, Total, Unfilled vacancies (stock)","M","Monthly","1983-04","Apr-1983",16681,,
"ESP","Spain","LMJVTTUV_ST","Job vacancies, Total, Unfilled vacancies (stock)","M","Monthly","1983-05","May-1983",18960,,
"ESP","Spain","LMJVTTUV_ST","Job vacancies, Total, Unfilled vacancies (stock)","M","Monthly","1983-06","Jun-1983",19552,,
"ESP","Spain","LMJVTTUV_ST","Job vacancies, Total, Unfilled vacancies (stock)","M","Monthly","1983-07","Jul-1983",22356,,
"ESP","Spain","LMJVTTUV_ST","Job vacancies, Total, Unfilled vacancies (stock)","M","Monthly","1983-08","Aug-1983",20313,,
"ESP","Spain","LMJVTTUV_ST","Job vacancies, Total, Unfilled vacancies (stock)","M","Monthly","1983-09","Sep-1983",21418,,
"ESP","Spain","LMJVTTUV_ST","Job vacancies, Total, Unfilled vacancies (stock)","M","Monthly","1983-10","Oct-1983",23679,,
"ESP","Spain","LMJVTTUV_ST","Job vacancies, Total, Unfilled vacancies (stock)","M","Monthly","1983-11","Nov-1983",22417,,
"ESP","Spain","LMJVTTUV_ST","Job vacancies, Total, Unfilled vacancies (stock)","M","Monthly","1983-12","Dec-1983",16850,,
"ESP","Spain","LMJVTTUV_ST","Job vacancies, Total, Unfilled vacancies (stock)","M","Monthly","1984-01","Jan-1984",16465,,
"ESP","Spain","LMJVTTUV_ST","Job vacancies, Total, Unfilled vacancies (stock)","M","Monthly","1984-02","Feb-1984",17600,,
"ESP","Spain","LMJVTTUV_ST","Job vacancies, Total, Unfilled vacancies (stock)","M","Monthly","1984-03","Mar-1984",17592,,
"ESP","Spain","LMJVTTUV_ST","Job vacancies, Total, Unfilled vacancies (stock)","M","Monthly","1984-04","Apr-1984",20724,,
"ESP","Spain","LMJVTTUV_ST","Job vacancies, Total, Unfilled vacancies (stock)","M","Monthly","1984-05","May-1984",21314,,
"ESP","Spain","LMJVTTUV_ST","Job vacancies, Total, Unfilled vacancies (stock)","M","Monthly","1984-06","Jun-1984",25004,,
"ESP","Spain","LMJVTTUV_ST","Job vacancies, Total, Unfilled vacancies (stock)","M","Monthly","1984-07","Jul-1984",23140,,
"ESP","Spain","LMJVTTUV_ST","Job vacancies, Total, Unfilled vacancies (stock)","M","Monthly","1984-08","Aug-1984",22310,,
"ESP","Spain","LMJVTTUV_ST","Job vacancies, Total, Unfilled vacancies (stock)","M","Monthly","1984-09","Sep-1984",23883,,
"ESP","Spain","LMJVTTUV_ST","Job vacancies, Total, Unfilled vacancies (stock)","M","Monthly","1984-10","Oct-1984",31077,,
"ESP","Spain","LMJVTTUV_ST","Job vacancies, Total, Unfilled vacancies (stock)","M","Monthly","1984-11","Nov-1984",32244,,
"ESP","Spain","LMJVTTUV_ST","Job vacancies, Total, Unfilled vacancies (stock)","M","Monthly","1984-12","Dec-1984",26871,,
"ESP","Spain","LMJVTTUV_ST","Job vacancies, Total, Unfilled vacancies (stock)","M","Monthly","1985-01","Jan-1985",21560,,
"ESP","Spain","LMJVTTUV_ST","Job vacancies, Total, Unfilled vacancies (stock)","M","Monthly","1985-02","Feb-1985",22649,,
"ESP","Spain","LMJVTTUV_ST","Job vacancies, Total, Unfilled vacancies (stock)","M","Monthly","1985-03","Mar-1985",22791,,
"ESP","Spain","LMJVTTUV_ST","Job vacancies, Total, Unfilled vacancies (stock)","M","Monthly","1985-04","Apr-1985",25787,,
"ESP","Spain","LMJVTTUV_ST","Job vacancies, Total, Unfilled vacancies (stock)","M","Monthly","1985-05","May-1985",33931,,
"ESP","Spain","LMJVTTUV_ST","Job vacancies, Total, Unfilled vacancies (stock)","M","Monthly","1985-06","Jun-1985",44968,,
"ESP","Spain","LMJVTTUV_ST","Job vacancies, Total, Unfilled vacancies (stock)","M","Monthly","1985-07","Jul-1985",47713,,
"ESP","Spain","LMJVTTUV_ST","Job vacancies, Total, Unfilled vacancies (stock)","M","Monthly","1985-08","Aug-1985",46171,,
"ESP","Spain","LMJVTTUV_ST","Job vacancies, Total, Unfilled vacancies (stock)","M","Monthly","1985-09","Sep-1985",48194,,
"ESP","Spain","LMJVTTUV_ST","Job vacancies, Total, Unfilled vacancies (stock)","M","Monthly","1985-10","Oct-1985",53500,,
"ESP","Spain","LMJVTTUV_ST","Job vacancies, Total, Unfilled vacancies (stock)","M","Monthly","1985-11","Nov-1985",52911,,
"ESP","Spain","LMJVTTUV_ST","Job vacancies, Total, Unfilled vacancies (stock)","M","Monthly","1985-12","Dec-1985",43314,,
"ESP","Spain","LMJVTTUV_ST","Job vacancies, Total, Unfilled vacancies (stock)","M","Monthly","1986-01","Jan-1986",39826,,
"ESP","Spain","LMJVTTUV_ST","Job vacancies, Total, Unfilled vacancies (stock)","M","Monthly","1986-02","Feb-1986",40260,,
"ESP","Spain","LMJVTTUV_ST","Job vacancies, Total, Unfilled vacancies (stock)","M","Monthly","1986-03","Mar-1986",46170,,
"ESP","Spain","LMJVTTUV_ST","Job vacancies, Total, Unfilled vacancies (stock)","M","Monthly","1986-04","Apr-1986",48856,,
"ESP","Spain","LMJVTTUV_ST","Job vacancies, Total, Unfilled vacancies (stock)","M","Monthly","1986-05","May-1986",57515,,
"ESP","Spain","LMJVTTUV_ST","Job vacancies, Total, Unfilled vacancies (stock)","M","Monthly","1986-06","Jun-1986",63160,,
"ESP","Spain","LMJVTTUV_ST","Job vacancies, Total, Unfilled vacancies (stock)","M","Monthly","1986-07","Jul-1986",50684,,
"ESP","Spain","LMJVTTUV_ST","Job vacancies, Total, Unfilled vacancies (stock)","M","Monthly","1986-08","Aug-1986",45561,,
"ESP","Spain","LMJVTTUV_ST","Job vacancies, Total, Unfilled vacancies (stock)","M","Monthly","1986-09","Sep-1986",44324,,
"ESP","Spain","LMJVTTUV_ST","Job vacancies, Total, Unfilled vacancies (stock)","M","Monthly","1986-10","Oct-1986",43540,,
"ESP","Spain","LMJVTTUV_ST","Job vacancies, Total, Unfilled vacancies (stock)","M","Monthly","1986-11","Nov-1986",39507,,
"ESP","Spain","LMJVTTUV_ST","Job vacancies, Total, Unfilled vacancies (stock)","M","Monthly","1986-12","Dec-1986",33851,,
"ESP","Spain","LMJVTTUV_ST","Job vacancies, Total, Unfilled vacancies (stock)","M","Monthly","1987-01","Jan-1987",33543,,
"ESP","Spain","LMJVTTUV_ST","Job vacancies, Total, Unfilled vacancies (stock)","M","Monthly","1987-02","Feb-1987",33164,,
"ESP","Spain","LMJVTTUV_ST","Job vacancies, Total, Unfilled vacancies (stock)","M","Monthly","1987-03","Mar-1987",36762,,
"ESP","Spain","LMJVTTUV_ST","Job vacancies, Total, Unfilled vacancies (stock)","M","Monthly","1987-04","Apr-1987",40585,,
"ESP","Spain","LMJVTTUV_ST","Job vacancies, Total, Unfilled vacancies (stock)","M","Monthly","1987-05","May-1987",52600,,
"ESP","Spain","LMJVTTUV_ST","Job vacancies, Total, Unfilled vacancies (stock)","M","Monthly","1987-06","Jun-1987",59532,,
"ESP","Spain","LMJVTTUV_ST","Job vacancies, Total, Unfilled vacancies (stock)","M","Monthly","1987-07","Jul-1987",53735,,
"ESP","Spain","LMJVTTUV_ST","Job vacancies, Total, Unfilled vacancies (stock)","M","Monthly","1987-08","Aug-1987",51269,,
"ESP","Spain","LMJVTTUV_ST","Job vacancies, Total, Unfilled vacancies (stock)","M","Monthly","1987-09","Sep-1987",49891,,
"ESP","Spain","LMJVTTUV_ST","Job vacancies, Total, Unfilled vacancies (stock)","M","Monthly","1987-10","Oct-1987",49312,,
"ESP","Spain","LMJVTTUV_ST","Job vacancies, Total, Unfilled vacancies (stock)","M","Monthly","1987-11","Nov-1987",50242,,
"ESP","Spain","LMJVTTUV_ST","Job vacancies, Total, Unfilled vacancies (stock)","M","Monthly","1987-12","Dec-1987",44934,,
"ESP","Spain","LMJVTTUV_ST","Job vacancies, Total, Unfilled vacancies (stock)","M","Monthly","1988-01","Jan-1988",42279,,
"ESP","Spain","LMJVTTUV_ST","Job vacancies, Total, Unfilled vacancies (stock)","M","Monthly","1988-02","Feb-1988",41623,,
"ESP","Spain","LMJVTTUV_ST","Job vacancies, Total, Unfilled vacancies (stock)","M","Monthly","1988-03","Mar-1988",45311,,
"ESP","Spain","LMJVTTUV_ST","Job vacancies, Total, Unfilled vacancies (stock)","M","Monthly","1988-04","Apr-1988",50065,,
"ESP","Spain","LMJVTTUV_ST","Job vacancies, Total, Unfilled vacancies (stock)","M","Monthly","1988-05","May-1988",57785,,
"ESP","Spain","LMJVTTUV_ST","Job vacancies, Total, Unfilled vacancies (stock)","M","Monthly","1988-06","Jun-1988",68006,,
"ESP","Spain","LMJVTTUV_ST","Job vacancies, Total, Unfilled vacancies (stock)","M","Monthly","1988-07","Jul-1988",61487,,
"ESP","Spain","LMJVTTUV_ST","Job vacancies, Total, Unfilled vacancies (stock)","M","Monthly","1988-08","Aug-1988",63165,,
"ESP","Spain","LMJVTTUV_ST","Job vacancies, Total, Unfilled vacancies (stock)","M","Monthly","1988-09","Sep-1988",65302,,
"ESP","Spain","LMJVTTUV_ST","Job vacancies, Total, Unfilled vacancies (stock)","M","Monthly","1988-10","Oct-1988",63931,,
"ESP","Spain","LMJVTTUV_ST","Job vacancies, Total, Unfilled vacancies (stock)","M","Monthly","1988-11","Nov-1988",58028,,
"ESP","Spain","LMJVTTUV_ST","Job vacancies, Total, Unfilled vacancies (stock)","M","Monthly","1988-12","Dec-1988",46001,,
"ESP","Spain","LMJVTTUV_ST","Job vacancies, Total, Unfilled vacancies (stock)","M","Monthly","1989-01","Jan-1989",44553,,
"ESP","Spain","LMJVTTUV_ST","Job vacancies, Total, Unfilled vacancies (stock)","M","Monthly","1989-02","Feb-1989",46267,,
"ESP","Spain","LMJVTTUV_ST","Job vacancies, Total, Unfilled vacancies (stock)","M","Monthly","1989-03","Mar-1989",49352,,
"ESP","Spain","LMJVTTUV_ST","Job vacancies, Total, Unfilled vacancies (stock)","M","Monthly","1989-04","Apr-1989",49838,,
"ESP","Spain","LMJVTTUV_ST","Job vacancies, Total, Unfilled vacancies (stock)","M","Monthly","1989-05","May-1989",59673,,
"ESP","Spain","LMJVTTUV_ST","Job vacancies, Total, Unfilled vacancies (stock)","M","Monthly","1989-06","Jun-1989",78641,,
"ESP","Spain","LMJVTTUV_ST","Job vacancies, Total, Unfilled vacancies (stock)","M","Monthly","1989-07","Jul-1989",75028,,
"ESP","Spain","LMJVTTUV_ST","Job vacancies, Total, Unfilled vacancies (stock)","M","Monthly","1989-08","Aug-1989",68369,,
"ESP","Spain","LMJVTTUV_ST","Job vacancies, Total, Unfilled vacancies (stock)","M","Monthly","1989-09","Sep-1989",64304,,
"ESP","Spain","LMJVTTUV_ST","Job vacancies, Total, Unfilled vacancies (stock)","M","Monthly","1989-10","Oct-1989",62035,,
"ESP","Spain","LMJVTTUV_ST","Job vacancies, Total, Unfilled vacancies (stock)","M","Monthly","1989-11","Nov-1989",56103,,
"ESP","Spain","LMJVTTUV_ST","Job vacancies, Total, Unfilled vacancies (stock)","M","Monthly","1989-12","Dec-1989",47270,,
"ESP","Spain","LMJVTTUV_ST","Job vacancies, Total, Unfilled vacancies (stock)","M","Monthly","1990-01","Jan-1990",43018,,
"ESP","Spain","LMJVTTUV_ST","Job vacancies, Total, Unfilled vacancies (stock)","M","Monthly","1990-02","Feb-1990",42776,,
"ESP","Spain","LMJVTTUV_ST","Job vacancies, Total, Unfilled vacancies (stock)","M","Monthly","1990-03","Mar-1990",45534,,
"ESP","Spain","LMJVTTUV_ST","Job vacancies, Total, Unfilled vacancies (stock)","M","Monthly","1990-04","Apr-1990",49549,,
"ESP","Spain","LMJVTTUV_ST","Job vacancies, Total, Unfilled vacancies (stock)","M","Monthly","1990-05","May-1990",60694,,
"ESP","Spain","LMJVTTUV_ST","Job vacancies, Total, Unfilled vacancies (stock)","M","Monthly","1990-06","Jun-1990",69987,,
"ESP","Spain","LMJVTTUV_ST","Job vacancies, Total, Unfilled vacancies (stock)","M","Monthly","1990-07","Jul-1990",61304,,
"ESP","Spain","LMJVTTUV_ST","Job vacancies, Total, Unfilled vacancies (stock)","M","Monthly","1990-08","Aug-1990",53493,,
"ESP","Spain","LMJVTTUV_ST","Job vacancies, Total, Unfilled vacancies (stock)","M","Monthly","1990-09","Sep-1990",49900,,
"ESP","Spain","LMJVTTUV_ST","Job vacancies, Total, Unfilled vacancies (stock)","M","Monthly","1990-10","Oct-1990",48275,,
"ESP","Spain","LMJVTTUV_ST","Job vacancies, Total, Unfilled vacancies (stock)","M","Monthly","1990-11","Nov-1990",49498,,
"ESP","Spain","LMJVTTUV_ST","Job vacancies, Total, Unfilled vacancies (stock)","M","Monthly","1990-12","Dec-1990",45860,,
"ESP","Spain","LMJVTTUV_ST","Job vacancies, Total, Unfilled vacancies (stock)","M","Monthly","1991-01","Jan-1991",38354,,
"ESP","Spain","LMJVTTUV_ST","Job vacancies, Total, Unfilled vacancies (stock)","M","Monthly","1991-02","Feb-1991",36764,,
"ESP","Spain","LMJVTTUV_ST","Job vacancies, Total, Unfilled vacancies (stock)","M","Monthly","1991-03","Mar-1991",39800,,
"ESP","Spain","LMJVTTUV_ST","Job vacancies, Total, Unfilled vacancies (stock)","M","Monthly","1991-04","Apr-1991",48240,,
"ESP","Spain","LMJVTTUV_ST","Job vacancies, Total, Unfilled vacancies (stock)","M","Monthly","1991-05","May-1991",47979,,
"ESP","Spain","LMJVTTUV_ST","Job vacancies, Total, Unfilled vacancies (stock)","M","Monthly","1991-06","Jun-1991",52403,,
"ESP","Spain","LMJVTTUV_ST","Job vacancies, Total, Unfilled vacancies (stock)","M","Monthly","1991-07","Jul-1991",43785,,
"ESP","Spain","LMJVTTUV_ST","Job vacancies, Total, Unfilled vacancies (stock)","M","Monthly","1991-08","Aug-1991",39094,,
"ESP","Spain","LMJVTTUV_ST","Job vacancies, Total, Unfilled vacancies (stock)","M","Monthly","1991-09","Sep-1991",42641,,
"ESP","Spain","LMJVTTUV_ST","Job vacancies, Total, Unfilled vacancies (stock)","M","Monthly","1991-10","Oct-1991",42575,,
"ESP","Spain","LMJVTTUV_ST","Job vacancies, Total, Unfilled vacancies (stock)","M","Monthly","1991-11","Nov-1991",35556,,
"ESP","Spain","LMJVTTUV_ST","Job vacancies, Total, Unfilled vacancies (stock)","M","Monthly","1991-12","Dec-1991",30155,,
"ESP","Spain","LMJVTTUV_ST","Job vacancies, Total, Unfilled vacancies (stock)","M","Monthly","1992-01","Jan-1992",29908,,
"ESP","Spain","LMJVTTUV_ST","Job vacancies, Total, Unfilled vacancies (stock)","M","Monthly","1992-02","Feb-1992",29185,,
"ESP","Spain","LMJVTTUV_ST","Job vacancies, Total, Unfilled vacancies (stock)","M","Monthly","1992-03","Mar-1992",27268,,
"ESP","Spain","LMJVTTUV_ST","Job vacancies, Total, Unfilled vacancies (stock)","M","Monthly","1992-04","Apr-1992",25307,,
"ESP","Spain","LMJVTTUV_ST","Job vacancies, Total, Unfilled vacancies (stock)","M","Monthly","1992-05","May-1992",29100,,
"ESP","Spain","LMJVTTUV_ST","Job vacancies, Total, Unfilled vacancies (stock)","M","Monthly","1992-06","Jun-1992",32155,,
"ESP","Spain","LMJVTTUV_ST","Job vacancies, Total, Unfilled vacancies (stock)","M","Monthly","1992-07","Jul-1992",33533,,
"ESP","Spain","LMJVTTUV_ST","Job vacancies, Total, Unfilled vacancies (stock)","M","Monthly","1992-08","Aug-1992",35747,,
"ESP","Spain","LMJVTTUV_ST","Job vacancies, Total, Unfilled vacancies (stock)","M","Monthly","1992-09","Sep-1992",35478,,
"ESP","Spain","LMJVTTUV_ST","Job vacancies, Total, Unfilled vacancies (stock)","M","Monthly","1992-10","Oct-1992",42802,,
"ESP","Spain","LMJVTTUV_ST","Job vacancies, Total, Unfilled vacancies (stock)","M","Monthly","1992-11","Nov-1992",38094,,
"ESP","Spain","LMJVTTUV_ST","Job vacancies, Total, Unfilled vacancies (stock)","M","Monthly","1992-12","Dec-1992",21570,,
"ESP","Spain","LMJVTTUV_ST","Job vacancies, Total, Unfilled vacancies (stock)","M","Monthly","1993-01","Jan-1993",16788,,
"ESP","Spain","LMJVTTUV_ST","Job vacancies, Total, Unfilled vacancies (stock)","M","Monthly","1993-02","Feb-1993",19160,,
"ESP","Spain","LMJVTTUV_ST","Job vacancies, Total, Unfilled vacancies (stock)","M","Monthly","1993-03","Mar-1993",18363,,
"ESP","Spain","LMJVTTUV_ST","Job vacancies, Total, Unfilled vacancies (stock)","M","Monthly","1993-04","Apr-1993",17061,,
"ESP","Spain","LMJVTTUV_ST","Job vacancies, Total, Unfilled vacancies (stock)","M","Monthly","1993-05","May-1993",21910,,
"ESP","Spain","LMJVTTUV_ST","Job vacancies, Total, Unfilled vacancies (stock)","M","Monthly","1993-06","Jun-1993",23930,,
"ESP","Spain","LMJVTTUV_ST","Job vacancies, Total, Unfilled vacancies (stock)","M","Monthly","1993-07","Jul-1993",23496,,
"ESP","Spain","LMJVTTUV_ST","Job vacancies, Total, Unfilled vacancies (stock)","M","Monthly","1993-08","Aug-1993",22941,,
"ESP","Spain","LMJVTTUV_ST","Job vacancies, Total, Unfilled vacancies (stock)","M","Monthly","1993-09","Sep-1993",21572,,
"ESP","Spain","LMJVTTUV_ST","Job vacancies, Total, Unfilled vacancies (stock)","M","Monthly","1993-10","Oct-1993",21293,,
"ESP","Spain","LMJVTTUV_ST","Job vacancies, Total, Unfilled vacancies (stock)","M","Monthly","1993-11","Nov-1993",21354,,
"ESP","Spain","LMJVTTUV_ST","Job vacancies, Total, Unfilled vacancies (stock)","M","Monthly","1993-12","Dec-1993",21073,,
"ESP","Spain","LMJVTTUV_ST","Job vacancies, Total, Unfilled vacancies (stock)","M","Monthly","1994-01","Jan-1994",19285,,
"ESP","Spain","LMJVTTUV_ST","Job vacancies, Total, Unfilled vacancies (stock)","M","Monthly","1994-02","Feb-1994",17951,,
"ESP","Spain","LMJVTTUV_ST","Job vacancies, Total, Unfilled vacancies (stock)","M","Monthly","1994-03","Mar-1994",15031,,
"ESP","Spain","LMJVTTUV_ST","Job vacancies, Total, Unfilled vacancies (stock)","M","Monthly","1994-04","Apr-1994",13947,,
"ESP","Spain","LMJVTTUV_ST","Job vacancies, Total, Unfilled vacancies (stock)","M","Monthly","1994-05","May-1994",15053,,
"ESP","Spain","LMJVTTUV_ST","Job vacancies, Total, Unfilled vacancies (stock)","M","Monthly","1994-06","Jun-1994",21551,,
"ESP","Spain","LMJVTTUV_ST","Job vacancies, Total, Unfilled vacancies (stock)","M","Monthly","1994-07","Jul-1994",23535,,
"ESP","Spain","LMJVTTUV_ST","Job vacancies, Total, Unfilled vacancies (stock)","M","Monthly","1994-08","Aug-1994",21024,,
"ESP","Spain","LMJVTTUV_ST","Job vacancies, Total, Unfilled vacancies (stock)","M","Monthly","1994-09","Sep-1994",23683,,
"ESP","Spain","LMJVTTUV_ST","Job vacancies, Total, Unfilled vacancies (stock)","M","Monthly","1994-10","Oct-1994",23680,,
"ESP","Spain","LMJVTTUV_ST","Job vacancies, Total, Unfilled vacancies (stock)","M","Monthly","1994-11","Nov-1994",22595,,
"ESP","Spain","LMJVTTUV_ST","Job vacancies, Total, Unfilled vacancies (stock)","M","Monthly","1994-12","Dec-1994",22142,,
"ESP","Spain","LMJVTTUV_ST","Job vacancies, Total, Unfilled vacancies (stock)","M","Monthly","1995-01","Jan-1995",21500,,
"ESP","Spain","LMJVTTUV_ST","Job vacancies, Total, Unfilled vacancies (stock)","M","Monthly","1995-02","Feb-1995",20814,,
"ESP","Spain","LMJVTTUV_ST","Job vacancies, Total, Unfilled vacancies (stock)","M","Monthly","1995-03","Mar-1995",17775,,
"ESP","Spain","LMJVTTUV_ST","Job vacancies, Total, Unfilled vacancies (stock)","M","Monthly","1995-04","Apr-1995",18614,,
"ESP","Spain","LMJVTTUV_ST","Job vacancies, Total, Unfilled vacancies (stock)","M","Monthly","1995-05","May-1995",21820,,
"ESP","Spain","LMJVTTUV_ST","Job vacancies, Total, Unfilled vacancies (stock)","M","Monthly","1995-06","Jun-1995",26334,,
"ESP","Spain","LMJVTTUV_ST","Job vacancies, Total, Unfilled vacancies (stock)","M","Monthly","1995-07","Jul-1995",25592,,
"ESP","Spain","LMJVTTUV_ST","Job vacancies, Total, Unfilled vacancies (stock)","M","Monthly","1995-08","Aug-1995",25925,,
"ESP","Spain","LMJVTTUV_ST","Job vacancies, Total, Unfilled vacancies (stock)","M","Monthly","1995-09","Sep-1995",25197,,
"ESP","Spain","LMJVTTUV_ST","Job vacancies, Total, Unfilled vacancies (stock)","M","Monthly","1995-10","Oct-1995",32790,,
"ESP","Spain","LMJVTTUV_ST","Job vacancies, Total, Unfilled vacancies (stock)","M","Monthly","1995-11","Nov-1995",48609,,
"ESP","Spain","LMJVTTUV_ST","Job vacancies, Total, Unfilled vacancies (stock)","M","Monthly","1995-12","Dec-1995",53623,,
"ESP","Spain","LMJVTTUV_ST","Job vacancies, Total, Unfilled vacancies (stock)","M","Monthly","1996-01","Jan-1996",44779,,
"ESP","Spain","LMJVTTUV_ST","Job vacancies, Total, Unfilled vacancies (stock)","M","Monthly","1996-02","Feb-1996",45914,,
"ESP","Spain","LMJVTTUV_ST","Job vacancies, Total, Unfilled vacancies (stock)","M","Monthly","1996-03","Mar-1996",47380,,
"ESP","Spain","LMJVTTUV_ST","Job vacancies, Total, Unfilled vacancies (stock)","M","Monthly","1996-04","Apr-1996",48126,,
"ESP","Spain","LMJVTTUV_ST","Job vacancies, Total, Unfilled vacancies (stock)","M","Monthly","1996-05","May-1996",44736,,
"ESP","Spain","LMJVTTUV_ST","Job vacancies, Total, Unfilled vacancies (stock)","M","Monthly","1996-06","Jun-1996",50761,,
"ESP","Spain","LMJVTTUV_ST","Job vacancies, Total, Unfilled vacancies (stock)","M","Monthly","1996-07","Jul-1996",49961,,
"ESP","Spain","LMJVTTUV_ST","Job vacancies, Total, Unfilled vacancies (stock)","M","Monthly","1996-08","Aug-1996",53350,,
"ESP","Spain","LMJVTTUV_ST","Job vacancies, Total, Unfilled vacancies (stock)","M","Monthly","1996-09","Sep-1996",55281,,
"ESP","Spain","LMJVTTUV_ST","Job vacancies, Total, Unfilled vacancies (stock)","M","Monthly","1996-10","Oct-1996",53674,,
"ESP","Spain","LMJVTTUV_ST","Job vacancies, Total, Unfilled vacancies (stock)","M","Monthly","1996-11","Nov-1996",52245,,
"ESP","Spain","LMJVTTUV_ST","Job vacancies, Total, Unfilled vacancies (stock)","M","Monthly","1996-12","Dec-1996",49187,,
"ESP","Spain","LMJVTTUV_ST","Job vacancies, Total, Unfilled vacancies (stock)","M","Monthly","1997-01","Jan-1997",46132,,
"ESP","Spain","LMJVTTUV_ST","Job vacancies, Total, Unfilled vacancies (stock)","M","Monthly","1997-02","Feb-1997",46160,,
"ESP","Spain","LMJVTTUV_ST","Job vacancies, Total, Unfilled vacancies (stock)","M","Monthly","1997-03","Mar-1997",46610,,
"ESP","Spain","LMJVTTUV_ST","Job vacancies, Total, Unfilled vacancies (stock)","M","Monthly","1997-04","Apr-1997",44903,,
"ESP","Spain","LMJVTTUV_ST","Job vacancies, Total, Unfilled vacancies (stock)","M","Monthly","1997-05","May-1997",45354,,
"ESP","Spain","LMJVTTUV_ST","Job vacancies, Total, Unfilled vacancies (stock)","M","Monthly","1997-06","Jun-1997",50458,,
"ESP","Spain","LMJVTTUV_ST","Job vacancies, Total, Unfilled vacancies (stock)","M","Monthly","1997-07","Jul-1997",48182,,
"ESP","Spain","LMJVTTUV_ST","Job vacancies, Total, Unfilled vacancies (stock)","M","Monthly","1997-08","Aug-1997",50228,,
"ESP","Spain","LMJVTTUV_ST","Job vacancies, Total, Unfilled vacancies (stock)","M","Monthly","1997-09","Sep-1997",55636,,
"ESP","Spain","LMJVTTUV_ST","Job vacancies, Total, Unfilled vacancies (stock)","M","Monthly","1997-10","Oct-1997",56347,,
"ESP","Spain","LMJVTTUV_ST","Job vacancies, Total, Unfilled vacancies (stock)","M","Monthly","1997-11","Nov-1997",53488,,
"ESP","Spain","LMJVTTUV_ST","Job vacancies, Total, Unfilled vacancies (stock)","M","Monthly","1997-12","Dec-1997",50120,,
"ESP","Spain","LMJVTTUV_ST","Job vacancies, Total, Unfilled vacancies (stock)","M","Monthly","1998-01","Jan-1998",47661,,
"ESP","Spain","LMJVTTUV_ST","Job vacancies, Total, Unfilled vacancies (stock)","M","Monthly","1998-02","Feb-1998",45902,,
"ESP","Spain","LMJVTTUV_ST","Job vacancies, Total, Unfilled vacancies (stock)","M","Monthly","1998-03","Mar-1998",47419,,
"ESP","Spain","LMJVTTUV_ST","Job vacancies, Total, Unfilled vacancies (stock)","M","Monthly","1998-04","Apr-1998",50226,,
"ESP","Spain","LMJVTTUV_ST","Job vacancies, Total, Unfilled vacancies (stock)","M","Monthly","1998-05","May-1998",58224,,
"ESP","Spain","LMJVTTUV_ST","Job vacancies, Total, Unfilled vacancies (stock)","M","Monthly","1998-06","Jun-1998",65194,,
"ESP","Spain","LMJVTTUV_ST","Job vacancies, Total, Unfilled vacancies (stock)","M","Monthly","1998-07","Jul-1998",76161,,
"ESP","Spain","LMJVTTUV_ST","Job vacancies, Total, Unfilled vacancies (stock)","M","Monthly","1998-08","Aug-1998",72778,,
"ESP","Spain","LMJVTTUV_ST","Job vacancies, Total, Unfilled vacancies (stock)","M","Monthly","1998-09","Sep-1998",91996,,
"ESP","Spain","LMJVTTUV_ST","Job vacancies, Total, Unfilled vacancies (stock)","M","Monthly","1998-10","Oct-1998",105786,,
"ESP","Spain","LMJVTTUV_ST","Job vacancies, Total, Unfilled vacancies (stock)","M","Monthly","1998-11","Nov-1998",117746,,
"ESP","Spain","LMJVTTUV_ST","Job vacancies, Total, Unfilled vacancies (stock)","M","Monthly","1998-12","Dec-1998",122200,,
"ESP","Spain","LMJVTTUV_ST","Job vacancies, Total, Unfilled vacancies (stock)","M","Monthly","1999-01","Jan-1999",129769,,
"ESP","Spain","LMJVTTUV_ST","Job vacancies, Total, Unfilled vacancies (stock)","M","Monthly","1999-02","Feb-1999",145748,,
"ESP","Spain","LMJVTTUV_ST","Job vacancies, Total, Unfilled vacancies (stock)","M","Monthly","1999-03","Mar-1999",164909,,
"ESP","Spain","LMJVTTUV_ST","Job vacancies, Total, Unfilled vacancies (stock)","M","Monthly","1999-04","Apr-1999",176424,,
"ESP","Spain","LMJVTTUV_ST","Job vacancies, Total, Unfilled vacancies (stock)","M","Monthly","1999-05","May-1999",192048,,
"ESP","Spain","LMJVTTUV_ST","Job vacancies, Total, Unfilled vacancies (stock)","M","Monthly","1999-06","Jun-1999",221499,,
"ESP","Spain","LMJVTTUV_ST","Job vacancies, Total, Unfilled vacancies (stock)","M","Monthly","1999-07","Jul-1999",236103,,
"ESP","Spain","LMJVTTUV_ST","Job vacancies, Total, Unfilled vacancies (stock)","M","Monthly","1999-08","Aug-1999",92868,,
"ESP","Spain","LMJVTTUV_ST","Job vacancies, Total, Unfilled vacancies (stock)","M","Monthly","1999-09","Sep-1999",90502,,
"ESP","Spain","LMJVTTUV_ST","Job vacancies, Total, Unfilled vacancies (stock)","M","Monthly","1999-10","Oct-1999",88691,,
"ESP","Spain","LMJVTTUV_ST","Job vacancies, Total, Unfilled vacancies (stock)","M","Monthly","1999-11","Nov-1999",91771,,
"ESP","Spain","LMJVTTUV_ST","Job vacancies, Total, Unfilled vacancies (stock)","M","Monthly","1999-12","Dec-1999",86890,,
"ESP","Spain","LMJVTTUV_ST","Job vacancies, Total, Unfilled vacancies (stock)","M","Monthly","2000-01","Jan-2000",88923,,
"ESP","Spain","LMJVTTUV_ST","Job vacancies, Total, Unfilled vacancies (stock)","M","Monthly","2000-02","Feb-2000",92213,,
"ESP","Spain","LMJVTTUV_ST","Job vacancies, Total, Unfilled vacancies (stock)","M","Monthly","2000-03","Mar-2000",102089,,
"ESP","Spain","LMJVTTUV_ST","Job vacancies, Total, Unfilled vacancies (stock)","M","Monthly","2000-04","Apr-2000",97923,,
"ESP","Spain","LMJVTTUV_ST","Job vacancies, Total, Unfilled vacancies (stock)","M","Monthly","2000-05","May-2000",107718,,
"ESP","Spain","LMJVTTUV_ST","Job vacancies, Total, Unfilled vacancies (stock)","M","Monthly","2000-06","Jun-2000",123236,,
"ESP","Spain","LMJVTTUV_ST","Job vacancies, Total, Unfilled vacancies (stock)","M","Monthly","2000-07","Jul-2000",120880,,
"ESP","Spain","LMJVTTUV_ST","Job vacancies, Total, Unfilled vacancies (stock)","M","Monthly","2000-08","Aug-2000",101131,,
"ESP","Spain","LMJVTTUV_ST","Job vacancies, Total, Unfilled vacancies (stock)","M","Monthly","2000-09","Sep-2000",111089,,
"ESP","Spain","LMJVTTUV_ST","Job vacancies, Total, Unfilled vacancies (stock)","M","Monthly","2000-10","Oct-2000",114577,,
"ESP","Spain","LMJVTTUV_ST","Job vacancies, Total, Unfilled vacancies (stock)","M","Monthly","2000-11","Nov-2000",114181,,
"ESP","Spain","LMJVTTUV_ST","Job vacancies, Total, Unfilled vacancies (stock)","M","Monthly","2000-12","Dec-2000",107540,,
"ESP","Spain","LMJVTTUV_ST","Job vacancies, Total, Unfilled vacancies (stock)","M","Monthly","2001-01","Jan-2001",107361,,
"ESP","Spain","LMJVTTUV_ST","Job vacancies, Total, Unfilled vacancies (stock)","M","Monthly","2001-02","Feb-2001",110893,,
"ESP","Spain","LMJVTTUV_ST","Job vacancies, Total, Unfilled vacancies (stock)","M","Monthly","2001-03","Mar-2001",116599,,
"ESP","Spain","LMJVTTUV_ST","Job vacancies, Total, Unfilled vacancies (stock)","M","Monthly","2001-04","Apr-2001",118938,,
"ESP","Spain","LMJVTTUV_ST","Job vacancies, Total, Unfilled vacancies (stock)","M","Monthly","2001-05","May-2001",128992,,
"ESP","Spain","LMJVTTUV_ST","Job vacancies, Total, Unfilled vacancies (stock)","M","Monthly","2001-06","Jun-2001",107021,,
"ESP","Spain","LMJVTTUV_ST","Job vacancies, Total, Unfilled vacancies (stock)","M","Monthly","2001-07","Jul-2001",107674,,
"ESP","Spain","LMJVTTUV_ST","Job vacancies, Total, Unfilled vacancies (stock)","M","Monthly","2001-08","Aug-2001",105301,,
"ESP","Spain","LMJVTTUV_ST","Job vacancies, Total, Unfilled vacancies (stock)","M","Monthly","2001-09","Sep-2001",118110,,
"ESP","Spain","LMJVTTUV_ST","Job vacancies, Total, Unfilled vacancies (stock)","M","Monthly","2001-10","Oct-2001",132939,,
"ESP","Spain","LMJVTTUV_ST","Job vacancies, Total, Unfilled vacancies (stock)","M","Monthly","2001-11","Nov-2001",130196,,
"ESP","Spain","LMJVTTUV_ST","Job vacancies, Total, Unfilled vacancies (stock)","M","Monthly","2001-12","Dec-2001",113507,,
"ESP","Spain","LMJVTTUV_ST","Job vacancies, Total, Unfilled vacancies (stock)","M","Monthly","2002-01","Jan-2002",117704,,
"ESP","Spain","LMJVTTUV_ST","Job vacancies, Total, Unfilled vacancies (stock)","M","Monthly","2002-02","Feb-2002",122168,,
"ESP","Spain","LMJVTTUV_ST","Job vacancies, Total, Unfilled vacancies (stock)","M","Monthly","2002-03","Mar-2002",127216,,
"ESP","Spain","LMJVTTUV_ST","Job vacancies, Total, Unfilled vacancies (stock)","M","Monthly","2002-04","Apr-2002",114615,,
"ESP","Spain","LMJVTTUV_ST","Job vacancies, Total, Unfilled vacancies (stock)","M","Monthly","2002-05","May-2002",126707,,
"ESP","Spain","LMJVTTUV_ST","Job vacancies, Total, Unfilled vacancies (stock)","M","Monthly","2002-06","Jun-2002",140019,,
"ESP","Spain","LMJVTTUV_ST","Job vacancies, Total, Unfilled vacancies (stock)","M","Monthly","2002-07","Jul-2002",134844,,
"ESP","Spain","LMJVTTUV_ST","Job vacancies, Total, Unfilled vacancies (stock)","M","Monthly","2002-08","Aug-2002",128743,,
"ESP","Spain","LMJVTTUV_ST","Job vacancies, Total, Unfilled vacancies (stock)","M","Monthly","2002-09","Sep-2002",140046,,
"ESP","Spain","LMJVTTUV_ST","Job vacancies, Total, Unfilled vacancies (stock)","M","Monthly","2002-10","Oct-2002",143967,,
"ESP","Spain","LMJVTTUV_ST","Job vacancies, Total, Unfilled vacancies (stock)","M","Monthly","2002-11","Nov-2002",141343,,
"ESP","Spain","LMJVTTUV_ST","Job vacancies, Total, Unfilled vacancies (stock)","M","Monthly","2002-12","Dec-2002",133666,,
"ESP","Spain","LMJVTTUV_ST","Job vacancies, Total, Unfilled vacancies (stock)","M","Monthly","2003-01","Jan-2003",138569,,
"ESP","Spain","LMJVTTUV_ST","Job vacancies, Total, Unfilled vacancies (stock)","M","Monthly","2003-02","Feb-2003",137990,,
"ESP","Spain","LMJVTTUV_ST","Job vacancies, Total, Unfilled vacancies (stock)","M","Monthly","2003-03","Mar-2003",154775,,
"ESP","Spain","LMJVTTUV_ST","Job vacancies, Total, Unfilled vacancies (stock)","M","Monthly","2003-04","Apr-2003",160760,,
"ESP","Spain","LMJVTTUV_ST","Job vacancies, Total, Unfilled vacancies (stock)","M","Monthly","2003-05","May-2003",149012,,
"ESP","Spain","LMJVTTUV_ST","Job vacancies, Total, Unfilled vacancies (stock)","M","Monthly","2003-06","Jun-2003",149835,,
"ESP","Spain","LMJVTTUV_ST","Job vacancies, Total, Unfilled vacancies (stock)","M","Monthly","2003-07","Jul-2003",151903,,
"ESP","Spain","LMJVTTUV_ST","Job vacancies, Total, Unfilled vacancies (stock)","M","Monthly","2003-08","Aug-2003",149027,,
"ESP","Spain","LMJVTTUV_ST","Job vacancies, Total, Unfilled vacancies (stock)","M","Monthly","2003-09","Sep-2003",155722,,
"ESP","Spain","LMJVTTUV_ST","Job vacancies, Total, Unfilled vacancies (stock)","M","Monthly","2003-10","Oct-2003",152276,,
"ESP","Spain","LMJVTTUV_ST","Job vacancies, Total, Unfilled vacancies (stock)","M","Monthly","2003-11","Nov-2003",152932,,
"ESP","Spain","LMJVTTUV_ST","Job vacancies, Total, Unfilled vacancies (stock)","M","Monthly","2003-12","Dec-2003",141610,,
"ESP","Spain","LMJVTTUV_ST","Job vacancies, Total, Unfilled vacancies (stock)","M","Monthly","2004-01","Jan-2004",140217,,
"ESP","Spain","LMJVTTUV_ST","Job vacancies, Total, Unfilled vacancies (stock)","M","Monthly","2004-02","Feb-2004",153277,,
"ESP","Spain","LMJVTTUV_ST","Job vacancies, Total, Unfilled vacancies (stock)","M","Monthly","2004-03","Mar-2004",159099,,
"ESP","Spain","LMJVTTUV_ST","Job vacancies, Total, Unfilled vacancies (stock)","M","Monthly","2004-04","Apr-2004",128913,,
"ESP","Spain","LMJVTTUV_ST","Job vacancies, Total, Unfilled vacancies (stock)","M","Monthly","2004-05","May-2004",138790,,
"ESP","Spain","LMJVTTUV_ST","Job vacancies, Total, Unfilled vacancies (stock)","M","Monthly","2004-06","Jun-2004",147989,,
"ESP","Spain","LMJVTTUV_ST","Job vacancies, Total, Unfilled vacancies (stock)","M","Monthly","2004-07","Jul-2004",148977,,
"ESP","Spain","LMJVTTUV_ST","Job vacancies, Total, Unfilled vacancies (stock)","M","Monthly","2004-08","Aug-2004",152630,,
"ESP","Spain","LMJVTTUV_ST","Job vacancies, Total, Unfilled vacancies (stock)","M","Monthly","2004-09","Sep-2004",157702,,
"ESP","Spain","LMJVTTUV_ST","Job vacancies, Total, Unfilled vacancies (stock)","M","Monthly","2004-10","Oct-2004",158315,,
"ESP","Spain","LMJVTTUV_ST","Job vacancies, Total, Unfilled vacancies (stock)","M","Monthly","2004-11","Nov-2004",164175,,
"ESP","Spain","LMJVTTUV_ST","Job vacancies, Total, Unfilled vacancies (stock)","M","Monthly","2004-12","Dec-2004",159551,,
"ESP","Spain","LMJVTTUV_ST","Job vacancies, Total, Unfilled vacancies (stock)","M","Monthly","2005-01","Jan-2005",155667,,
"ESP","Spain","LMJVTTUV_ST","Job vacancies, Total, Unfilled vacancies (stock)","M","Monthly","2005-02","Feb-2005",165028,,
"ESP","Spain","LMJVTTUV_ST","Job vacancies, Total, Unfilled vacancies (stock)","M","Monthly","2005-03","Mar-2005",162794,,
"ESP","Spain","LMJVTTUV_ST","Job vacancies, Total, Unfilled vacancies (stock)","M","Monthly","2005-04","Apr-2005",151455,,
"ESP","Spain","LMJVTTUV_STSA","Job vacancies, Total, Unfilled vacancies (stock), sa","M","Monthly","1980-01","Jan-1980",21804.49,,
"ESP","Spain","LMJVTTUV_STSA","Job vacancies, Total, Unfilled vacancies (stock), sa","M","Monthly","1980-02","Feb-1980",19309.93,,
"ESP","Spain","LMJVTTUV_STSA","Job vacancies, Total, Unfilled vacancies (stock), sa","M","Monthly","1980-03","Mar-1980",17052.34,,
"ESP","Spain","LMJVTTUV_STSA","Job vacancies, Total, Unfilled vacancies (stock), sa","M","Monthly","1980-04","Apr-1980",18367.71,,
"ESP","Spain","LMJVTTUV_STSA","Job vacancies, Total, Unfilled vacancies (stock), sa","M","Monthly","1980-05","May-1980",13808.63,,
"ESP","Spain","LMJVTTUV_STSA","Job vacancies, Total, Unfilled vacancies (stock), sa","M","Monthly","1980-06","Jun-1980",13553.64,,
"ESP","Spain","LMJVTTUV_STSA","Job vacancies, Total, Unfilled vacancies (stock), sa","M","Monthly","1980-07","Jul-1980",13073.13,,
"ESP","Spain","LMJVTTUV_STSA","Job vacancies, Total, Unfilled vacancies (stock), sa","M","Monthly","1980-08","Aug-1980",11644.27,,
"ESP","Spain","LMJVTTUV_STSA","Job vacancies, Total, Unfilled vacancies (stock), sa","M","Monthly","1980-09","Sep-1980",13943.56,,
"ESP","Spain","LMJVTTUV_STSA","Job vacancies, Total, Unfilled vacancies (stock), sa","M","Monthly","1980-10","Oct-1980",14068.9,,
"ESP","Spain","LMJVTTUV_STSA","Job vacancies, Total, Unfilled vacancies (stock), sa","M","Monthly","1980-11","Nov-1980",12844.47,,
"ESP","Spain","LMJVTTUV_STSA","Job vacancies, Total, Unfilled vacancies (stock), sa","M","Monthly","1980-12","Dec-1980",11650.4,,
"ESP","Spain","LMJVTTUV_STSA","Job vacancies, Total, Unfilled vacancies (stock), sa","M","Monthly","1981-01","Jan-1981",11617.85,,
"ESP","Spain","LMJVTTUV_STSA","Job vacancies, Total, Unfilled vacancies (stock), sa","M","Monthly","1981-02","Feb-1981",11195.37,,
"ESP","Spain","LMJVTTUV_STSA","Job vacancies, Total, Unfilled vacancies (stock), sa","M","Monthly","1981-03","Mar-1981",11115.65,,
"ESP","Spain","LMJVTTUV_STSA","Job vacancies, Total, Unfilled vacancies (stock), sa","M","Monthly","1981-04","Apr-1981",10547.4,,
"ESP","Spain","LMJVTTUV_STSA","Job vacancies, Total, Unfilled vacancies (stock), sa","M","Monthly","1981-05","May-1981",10934.11,,
"ESP","Spain","LMJVTTUV_STSA","Job vacancies, Total, Unfilled vacancies (stock), sa","M","Monthly","1981-06","Jun-1981",11555.67,,
"ESP","Spain","LMJVTTUV_STSA","Job vacancies, Total, Unfilled vacancies (stock), sa","M","Monthly","1981-07","Jul-1981",11608.73,,
"ESP","Spain","LMJVTTUV_STSA","Job vacancies, Total, Unfilled vacancies (stock), sa","M","Monthly","1981-08","Aug-1981",11251.19,,
"ESP","Spain","LMJVTTUV_STSA","Job vacancies, Total, Unfilled vacancies (stock), sa","M","Monthly","1981-09","Sep-1981",12692.09,,
"ESP","Spain","LMJVTTUV_STSA","Job vacancies, Total, Unfilled vacancies (stock), sa","M","Monthly","1981-10","Oct-1981",11586.92,,
"ESP","Spain","LMJVTTUV_STSA","Job vacancies, Total, Unfilled vacancies (stock), sa","M","Monthly","1981-11","Nov-1981",11122.74,,
"ESP","Spain","LMJVTTUV_STSA","Job vacancies, Total, Unfilled vacancies (stock), sa","M","Monthly","1981-12","Dec-1981",11421.23,,
"ESP","Spain","LMJVTTUV_STSA","Job vacancies, Total, Unfilled vacancies (stock), sa","M","Monthly","1982-01","Jan-1982",11899.46,,
"ESP","Spain","LMJVTTUV_STSA","Job vacancies, Total, Unfilled vacancies (stock), sa","M","Monthly","1982-02","Feb-1982",12865.28,,
"ESP","Spain","LMJVTTUV_STSA","Job vacancies, Total, Unfilled vacancies (stock), sa","M","Monthly","1982-03","Mar-1982",13936.92,,
"ESP","Spain","LMJVTTUV_STSA","Job vacancies, Total, Unfilled vacancies (stock), sa","M","Monthly","1982-04","Apr-1982",14374.48,,
"ESP","Spain","LMJVTTUV_STSA","Job vacancies, Total, Unfilled vacancies (stock), sa","M","Monthly","1982-05","May-1982",16076.29,,
"ESP","Spain","LMJVTTUV_STSA","Job vacancies, Total, Unfilled vacancies (stock), sa","M","Monthly","1982-06","Jun-1982",12736.78,,
"ESP","Spain","LMJVTTUV_STSA","Job vacancies, Total, Unfilled vacancies (stock), sa","M","Monthly","1982-07","Jul-1982",12124.62,,
"ESP","Spain","LMJVTTUV_STSA","Job vacancies, Total, Unfilled vacancies (stock), sa","M","Monthly","1982-08","Aug-1982",11657.15,,
"ESP","Spain","LMJVTTUV_STSA","Job vacancies, Total, Unfilled vacancies (stock), sa","M","Monthly","1982-09","Sep-1982",10370.2,,
"ESP","Spain","LMJVTTUV_STSA","Job vacancies, Total, Unfilled vacancies (stock), sa","M","Monthly","1982-10","Oct-1982",11070.39,,
"ESP","Spain","LMJVTTUV_STSA","Job vacancies, Total, Unfilled vacancies (stock), sa","M","Monthly","1982-11","Nov-1982",12210.43,,
"ESP","Spain","LMJVTTUV_STSA","Job vacancies, Total, Unfilled vacancies (stock), sa","M","Monthly","1982-12","Dec-1982",13838.57,,
"ESP","Spain","LMJVTTUV_STSA","Job vacancies, Total, Unfilled vacancies (stock), sa","M","Monthly","1983-01","Jan-1983",14635.35,,
"ESP","Spain","LMJVTTUV_STSA","Job vacancies, Total, Unfilled vacancies (stock), sa","M","Monthly","1983-02","Feb-1983",15210.48,,
"ESP","Spain","LMJVTTUV_STSA","Job vacancies, Total, Unfilled vacancies (stock), sa","M","Monthly","1983-03","Mar-1983",15257.5,,
"ESP","Spain","LMJVTTUV_STSA","Job vacancies, Total, Unfilled vacancies (stock), sa","M","Monthly","1983-04","Apr-1983",16072.06,,
"ESP","Spain","LMJVTTUV_STSA","Job vacancies, Total, Unfilled vacancies (stock), sa","M","Monthly","1983-05","May-1983",17884.82,,
"ESP","Spain","LMJVTTUV_STSA","Job vacancies, Total, Unfilled vacancies (stock), sa","M","Monthly","1983-06","Jun-1983",17300.53,,
"ESP","Spain","LMJVTTUV_STSA","Job vacancies, Total, Unfilled vacancies (stock), sa","M","Monthly","1983-07","Jul-1983",20723.95,,
"ESP","Spain","LMJVTTUV_STSA","Job vacancies, Total, Unfilled vacancies (stock), sa","M","Monthly","1983-08","Aug-1983",20668.75,,
"ESP","Spain","LMJVTTUV_STSA","Job vacancies, Total, Unfilled vacancies (stock), sa","M","Monthly","1983-09","Sep-1983",21038.3,,
"ESP","Spain","LMJVTTUV_STSA","Job vacancies, Total, Unfilled vacancies (stock), sa","M","Monthly","1983-10","Oct-1983",21159.93,,
"ESP","Spain","LMJVTTUV_STSA","Job vacancies, Total, Unfilled vacancies (stock), sa","M","Monthly","1983-11","Nov-1983",21034.27,,
"ESP","Spain","LMJVTTUV_STSA","Job vacancies, Total, Unfilled vacancies (stock), sa","M","Monthly","1983-12","Dec-1983",19589.24,,
"ESP","Spain","LMJVTTUV_STSA","Job vacancies, Total, Unfilled vacancies (stock), sa","M","Monthly","1984-01","Jan-1984",19927.38,,
"ESP","Spain","LMJVTTUV_STSA","Job vacancies, Total, Unfilled vacancies (stock), sa","M","Monthly","1984-02","Feb-1984",20071.18,,
"ESP","Spain","LMJVTTUV_STSA","Job vacancies, Total, Unfilled vacancies (stock), sa","M","Monthly","1984-03","Mar-1984",19514.78,,
"ESP","Spain","LMJVTTUV_STSA","Job vacancies, Total, Unfilled vacancies (stock), sa","M","Monthly","1984-04","Apr-1984",20697.05,,
"ESP","Spain","LMJVTTUV_STSA","Job vacancies, Total, Unfilled vacancies (stock), sa","M","Monthly","1984-05","May-1984",20303.57,,
"ESP","Spain","LMJVTTUV_STSA","Job vacancies, Total, Unfilled vacancies (stock), sa","M","Monthly","1984-06","Jun-1984",21318.33,,
"ESP","Spain","LMJVTTUV_STSA","Job vacancies, Total, Unfilled vacancies (stock), sa","M","Monthly","1984-07","Jul-1984",20999.45,,
"ESP","Spain","LMJVTTUV_STSA","Job vacancies, Total, Unfilled vacancies (stock), sa","M","Monthly","1984-08","Aug-1984",21994.33,,
"ESP","Spain","LMJVTTUV_STSA","Job vacancies, Total, Unfilled vacancies (stock), sa","M","Monthly","1984-09","Sep-1984",23116.34,,
"ESP","Spain","LMJVTTUV_STSA","Job vacancies, Total, Unfilled vacancies (stock), sa","M","Monthly","1984-10","Oct-1984",27377.49,,
"ESP","Spain","LMJVTTUV_STSA","Job vacancies, Total, Unfilled vacancies (stock), sa","M","Monthly","1984-11","Nov-1984",29884.63,,
"ESP","Spain","LMJVTTUV_STSA","Job vacancies, Total, Unfilled vacancies (stock), sa","M","Monthly","1984-12","Dec-1984",30982.97,,
"ESP","Spain","LMJVTTUV_STSA","Job vacancies, Total, Unfilled vacancies (stock), sa","M","Monthly","1985-01","Jan-1985",26639.63,,
"ESP","Spain","LMJVTTUV_STSA","Job vacancies, Total, Unfilled vacancies (stock), sa","M","Monthly","1985-02","Feb-1985",27309.11,,
"ESP","Spain","LMJVTTUV_STSA","Job vacancies, Total, Unfilled vacancies (stock), sa","M","Monthly","1985-03","Mar-1985",26149.36,,
"ESP","Spain","LMJVTTUV_STSA","Job vacancies, Total, Unfilled vacancies (stock), sa","M","Monthly","1985-04","Apr-1985",26838.71,,
"ESP","Spain","LMJVTTUV_STSA","Job vacancies, Total, Unfilled vacancies (stock), sa","M","Monthly","1985-05","May-1985",32157.69,,
"ESP","Spain","LMJVTTUV_STSA","Job vacancies, Total, Unfilled vacancies (stock), sa","M","Monthly","1985-06","Jun-1985",36895.69,,
"ESP","Spain","LMJVTTUV_STSA","Job vacancies, Total, Unfilled vacancies (stock), sa","M","Monthly","1985-07","Jul-1985",42444.2,,
"ESP","Spain","LMJVTTUV_STSA","Job vacancies, Total, Unfilled vacancies (stock), sa","M","Monthly","1985-08","Aug-1985",44264.94,,
"ESP","Spain","LMJVTTUV_STSA","Job vacancies, Total, Unfilled vacancies (stock), sa","M","Monthly","1985-09","Sep-1985",45782.73,,
"ESP","Spain","LMJVTTUV_STSA","Job vacancies, Total, Unfilled vacancies (stock), sa","M","Monthly","1985-10","Oct-1985",47548.99,,
"ESP","Spain","LMJVTTUV_STSA","Job vacancies, Total, Unfilled vacancies (stock), sa","M","Monthly","1985-11","Nov-1985",49699.5,,
"ESP","Spain","LMJVTTUV_STSA","Job vacancies, Total, Unfilled vacancies (stock), sa","M","Monthly","1985-12","Dec-1985",50065.61,,
"ESP","Spain","LMJVTTUV_STSA","Job vacancies, Total, Unfilled vacancies (stock), sa","M","Monthly","1986-01","Jan-1986",49762.71,,
"ESP","Spain","LMJVTTUV_STSA","Job vacancies, Total, Unfilled vacancies (stock), sa","M","Monthly","1986-02","Feb-1986",50443.63,,
"ESP","Spain","LMJVTTUV_STSA","Job vacancies, Total, Unfilled vacancies (stock), sa","M","Monthly","1986-03","Mar-1986",53589.38,,
"ESP","Spain","LMJVTTUV_STSA","Job vacancies, Total, Unfilled vacancies (stock), sa","M","Monthly","1986-04","Apr-1986",52055.88,,
"ESP","Spain","LMJVTTUV_STSA","Job vacancies, Total, Unfilled vacancies (stock), sa","M","Monthly","1986-05","May-1986",53330.6,,
"ESP","Spain","LMJVTTUV_STSA","Job vacancies, Total, Unfilled vacancies (stock), sa","M","Monthly","1986-06","Jun-1986",50215.86,,
"ESP","Spain","LMJVTTUV_STSA","Job vacancies, Total, Unfilled vacancies (stock), sa","M","Monthly","1986-07","Jul-1986",45012.98,,
"ESP","Spain","LMJVTTUV_STSA","Job vacancies, Total, Unfilled vacancies (stock), sa","M","Monthly","1986-08","Aug-1986",42747.85,,
"ESP","Spain","LMJVTTUV_STSA","Job vacancies, Total, Unfilled vacancies (stock), sa","M","Monthly","1986-09","Sep-1986",41505.75,,
"ESP","Spain","LMJVTTUV_STSA","Job vacancies, Total, Unfilled vacancies (stock), sa","M","Monthly","1986-10","Oct-1986",39528.79,,
"ESP","Spain","LMJVTTUV_STSA","Job vacancies, Total, Unfilled vacancies (stock), sa","M","Monthly","1986-11","Nov-1986",38220.88,,
"ESP","Spain","LMJVTTUV_STSA","Job vacancies, Total, Unfilled vacancies (stock), sa","M","Monthly","1986-12","Dec-1986",39036.98,,
"ESP","Spain","LMJVTTUV_STSA","Job vacancies, Total, Unfilled vacancies (stock), sa","M","Monthly","1987-01","Jan-1987",41880.51,,
"ESP","Spain","LMJVTTUV_STSA","Job vacancies, Total, Unfilled vacancies (stock), sa","M","Monthly","1987-02","Feb-1987",42050.47,,
"ESP","Spain","LMJVTTUV_STSA","Job vacancies, Total, Unfilled vacancies (stock), sa","M","Monthly","1987-03","Mar-1987",42865.9,,
"ESP","Spain","LMJVTTUV_STSA","Job vacancies, Total, Unfilled vacancies (stock), sa","M","Monthly","1987-04","Apr-1987",44007.72,,
"ESP","Spain","LMJVTTUV_STSA","Job vacancies, Total, Unfilled vacancies (stock), sa","M","Monthly","1987-05","May-1987",48306.11,,
"ESP","Spain","LMJVTTUV_STSA","Job vacancies, Total, Unfilled vacancies (stock), sa","M","Monthly","1987-06","Jun-1987",46483.51,,
"ESP","Spain","LMJVTTUV_STSA","Job vacancies, Total, Unfilled vacancies (stock), sa","M","Monthly","1987-07","Jul-1987",47402.85,,
"ESP","Spain","LMJVTTUV_STSA","Job vacancies, Total, Unfilled vacancies (stock), sa","M","Monthly","1987-08","Aug-1987",47116.36,,
"ESP","Spain","LMJVTTUV_STSA","Job vacancies, Total, Unfilled vacancies (stock), sa","M","Monthly","1987-09","Sep-1987",46381.14,,
"ESP","Spain","LMJVTTUV_STSA","Job vacancies, Total, Unfilled vacancies (stock), sa","M","Monthly","1987-10","Oct-1987",45711.65,,
"ESP","Spain","LMJVTTUV_STSA","Job vacancies, Total, Unfilled vacancies (stock), sa","M","Monthly","1987-11","Nov-1987",49687.71,,
"ESP","Spain","LMJVTTUV_STSA","Job vacancies, Total, Unfilled vacancies (stock), sa","M","Monthly","1987-12","Dec-1987",51742.38,,
"ESP","Spain","LMJVTTUV_STSA","Job vacancies, Total, Unfilled vacancies (stock), sa","M","Monthly","1988-01","Jan-1988",52886.48,,
"ESP","Spain","LMJVTTUV_STSA","Job vacancies, Total, Unfilled vacancies (stock), sa","M","Monthly","1988-02","Feb-1988",52592.45,,
"ESP","Spain","LMJVTTUV_STSA","Job vacancies, Total, Unfilled vacancies (stock), sa","M","Monthly","1988-03","Mar-1988",52937.46,,
"ESP","Spain","LMJVTTUV_STSA","Job vacancies, Total, Unfilled vacancies (stock), sa","M","Monthly","1988-04","Apr-1988",54679.88,,
"ESP","Spain","LMJVTTUV_STSA","Job vacancies, Total, Unfilled vacancies (stock), sa","M","Monthly","1988-05","May-1988",53095.98,,
"ESP","Spain","LMJVTTUV_STSA","Job vacancies, Total, Unfilled vacancies (stock), sa","M","Monthly","1988-06","Jun-1988",52605.09,,
"ESP","Spain","LMJVTTUV_STSA","Job vacancies, Total, Unfilled vacancies (stock), sa","M","Monthly","1988-07","Jul-1988",54159.73,,
"ESP","Spain","LMJVTTUV_STSA","Job vacancies, Total, Unfilled vacancies (stock), sa","M","Monthly","1988-08","Aug-1988",57478.02,,
"ESP","Spain","LMJVTTUV_STSA","Job vacancies, Total, Unfilled vacancies (stock), sa","M","Monthly","1988-09","Sep-1988",60531.66,,
"ESP","Spain","LMJVTTUV_STSA","Job vacancies, Total, Unfilled vacancies (stock), sa","M","Monthly","1988-10","Oct-1988",60028.23,,
"ESP","Spain","LMJVTTUV_STSA","Job vacancies, Total, Unfilled vacancies (stock), sa","M","Monthly","1988-11","Nov-1988",57910.01,,
"ESP","Spain","LMJVTTUV_STSA","Job vacancies, Total, Unfilled vacancies (stock), sa","M","Monthly","1988-12","Dec-1988",52285.61,,
"ESP","Spain","LMJVTTUV_STSA","Job vacancies, Total, Unfilled vacancies (stock), sa","M","Monthly","1989-01","Jan-1989",55930.99,,
"ESP","Spain","LMJVTTUV_STSA","Job vacancies, Total, Unfilled vacancies (stock), sa","M","Monthly","1989-02","Feb-1989",57785.94,,
"ESP","Spain","LMJVTTUV_STSA","Job vacancies, Total, Unfilled vacancies (stock), sa","M","Monthly","1989-03","Mar-1989",57565.7,,
"ESP","Spain","LMJVTTUV_STSA","Job vacancies, Total, Unfilled vacancies (stock), sa","M","Monthly","1989-04","Apr-1989",55205.18,,
"ESP","Spain","LMJVTTUV_STSA","Job vacancies, Total, Unfilled vacancies (stock), sa","M","Monthly","1989-05","May-1989",55354.05,,
"ESP","Spain","LMJVTTUV_STSA","Job vacancies, Total, Unfilled vacancies (stock), sa","M","Monthly","1989-06","Jun-1989",60704.99,,
"ESP","Spain","LMJVTTUV_STSA","Job vacancies, Total, Unfilled vacancies (stock), sa","M","Monthly","1989-07","Jul-1989",65845.08,,
"ESP","Spain","LMJVTTUV_STSA","Job vacancies, Total, Unfilled vacancies (stock), sa","M","Monthly","1989-08","Aug-1989",62529.52,,
"ESP","Spain","LMJVTTUV_STSA","Job vacancies, Total, Unfilled vacancies (stock), sa","M","Monthly","1989-09","Sep-1989",59667.48,,
"ESP","Spain","LMJVTTUV_STSA","Job vacancies, Total, Unfilled vacancies (stock), sa","M","Monthly","1989-10","Oct-1989",58205.46,,
"ESP","Spain","LMJVTTUV_STSA","Job vacancies, Total, Unfilled vacancies (stock), sa","M","Monthly","1989-11","Nov-1989",55850.73,,
"ESP","Spain","LMJVTTUV_STSA","Job vacancies, Total, Unfilled vacancies (stock), sa","M","Monthly","1989-12","Dec-1989",53082.66,,
"ESP","Spain","LMJVTTUV_STSA","Job vacancies, Total, Unfilled vacancies (stock), sa","M","Monthly","1990-01","Jan-1990",53200.91,,
"ESP","Spain","LMJVTTUV_STSA","Job vacancies, Total, Unfilled vacancies (stock), sa","M","Monthly","1990-02","Feb-1990",52479.64,,
"ESP","Spain","LMJVTTUV_STSA","Job vacancies, Total, Unfilled vacancies (stock), sa","M","Monthly","1990-03","Mar-1990",53142.54,,
"ESP","Spain","LMJVTTUV_STSA","Job vacancies, Total, Unfilled vacancies (stock), sa","M","Monthly","1990-04","Apr-1990",55755.26,,
"ESP","Spain","LMJVTTUV_STSA","Job vacancies, Total, Unfilled vacancies (stock), sa","M","Monthly","1990-05","May-1990",56683.82,,
"ESP","Spain","LMJVTTUV_STSA","Job vacancies, Total, Unfilled vacancies (stock), sa","M","Monthly","1990-06","Jun-1990",55297.74,,
"ESP","Spain","LMJVTTUV_STSA","Job vacancies, Total, Unfilled vacancies (stock), sa","M","Monthly","1990-07","Jul-1990",54046.16,,
"ESP","Spain","LMJVTTUV_STSA","Job vacancies, Total, Unfilled vacancies (stock), sa","M","Monthly","1990-08","Aug-1990",49461.42,,
"ESP","Spain","LMJVTTUV_STSA","Job vacancies, Total, Unfilled vacancies (stock), sa","M","Monthly","1990-09","Sep-1990",46091.65,,
"ESP","Spain","LMJVTTUV_STSA","Job vacancies, Total, Unfilled vacancies (stock), sa","M","Monthly","1990-10","Oct-1990",44889.78,,
"ESP","Spain","LMJVTTUV_STSA","Job vacancies, Total, Unfilled vacancies (stock), sa","M","Monthly","1990-11","Nov-1990",48691.24,,
"ESP","Spain","LMJVTTUV_STSA","Job vacancies, Total, Unfilled vacancies (stock), sa","M","Monthly","1990-12","Dec-1990",50215.82,,
"ESP","Spain","LMJVTTUV_STSA","Job vacancies, Total, Unfilled vacancies (stock), sa","M","Monthly","1991-01","Jan-1991",45947.01,,
"ESP","Spain","LMJVTTUV_STSA","Job vacancies, Total, Unfilled vacancies (stock), sa","M","Monthly","1991-02","Feb-1991",44220.54,,
"ESP","Spain","LMJVTTUV_STSA","Job vacancies, Total, Unfilled vacancies (stock), sa","M","Monthly","1991-03","Mar-1991",46557.96,,
"ESP","Spain","LMJVTTUV_STSA","Job vacancies, Total, Unfilled vacancies (stock), sa","M","Monthly","1991-04","Apr-1991",55965.11,,
"ESP","Spain","LMJVTTUV_STSA","Job vacancies, Total, Unfilled vacancies (stock), sa","M","Monthly","1991-05","May-1991",45478.92,,
"ESP","Spain","LMJVTTUV_STSA","Job vacancies, Total, Unfilled vacancies (stock), sa","M","Monthly","1991-06","Jun-1991",43042,,
"ESP","Spain","LMJVTTUV_STSA","Job vacancies, Total, Unfilled vacancies (stock), sa","M","Monthly","1991-07","Jul-1991",39064.38,,
"ESP","Spain","LMJVTTUV_STSA","Job vacancies, Total, Unfilled vacancies (stock), sa","M","Monthly","1991-08","Aug-1991",36358.82,,
"ESP","Spain","LMJVTTUV_STSA","Job vacancies, Total, Unfilled vacancies (stock), sa","M","Monthly","1991-09","Sep-1991",39045.29,,
"ESP","Spain","LMJVTTUV_STSA","Job vacancies, Total, Unfilled vacancies (stock), sa","M","Monthly","1991-10","Oct-1991",38881.82,,
"ESP","Spain","LMJVTTUV_STSA","Job vacancies, Total, Unfilled vacancies (stock), sa","M","Monthly","1991-11","Nov-1991",34518.67,,
"ESP","Spain","LMJVTTUV_STSA","Job vacancies, Total, Unfilled vacancies (stock), sa","M","Monthly","1991-12","Dec-1991",32127.54,,
"ESP","Spain","LMJVTTUV_STSA","Job vacancies, Total, Unfilled vacancies (stock), sa","M","Monthly","1992-01","Jan-1992",34023.74,,
"ESP","Spain","LMJVTTUV_STSA","Job vacancies, Total, Unfilled vacancies (stock), sa","M","Monthly","1992-02","Feb-1992",34111.32,,
"ESP","Spain","LMJVTTUV_STSA","Job vacancies, Total, Unfilled vacancies (stock), sa","M","Monthly","1992-03","Mar-1992",32312.96,,
"ESP","Spain","LMJVTTUV_STSA","Job vacancies, Total, Unfilled vacancies (stock), sa","M","Monthly","1992-04","Apr-1992",30442.43,,
"ESP","Spain","LMJVTTUV_STSA","Job vacancies, Total, Unfilled vacancies (stock), sa","M","Monthly","1992-05","May-1992",28344.55,,
"ESP","Spain","LMJVTTUV_STSA","Job vacancies, Total, Unfilled vacancies (stock), sa","M","Monthly","1992-06","Jun-1992",27866.01,,
"ESP","Spain","LMJVTTUV_STSA","Job vacancies, Total, Unfilled vacancies (stock), sa","M","Monthly","1992-07","Jul-1992",30080.57,,
"ESP","Spain","LMJVTTUV_STSA","Job vacancies, Total, Unfilled vacancies (stock), sa","M","Monthly","1992-08","Aug-1992",33129.2,,
"ESP","Spain","LMJVTTUV_STSA","Job vacancies, Total, Unfilled vacancies (stock), sa","M","Monthly","1992-09","Sep-1992",32286.6,,
"ESP","Spain","LMJVTTUV_STSA","Job vacancies, Total, Unfilled vacancies (stock), sa","M","Monthly","1992-10","Oct-1992",38886.61,,
"ESP","Spain","LMJVTTUV_STSA","Job vacancies, Total, Unfilled vacancies (stock), sa","M","Monthly","1992-11","Nov-1992",36383.81,,
"ESP","Spain","LMJVTTUV_STSA","Job vacancies, Total, Unfilled vacancies (stock), sa","M","Monthly","1992-12","Dec-1992",22070.65,,
"ESP","Spain","LMJVTTUV_STSA","Job vacancies, Total, Unfilled vacancies (stock), sa","M","Monthly","1993-01","Jan-1993",18260.25,,
"ESP","Spain","LMJVTTUV_STSA","Job vacancies, Total, Unfilled vacancies (stock), sa","M","Monthly","1993-02","Feb-1993",21746.86,,
"ESP","Spain","LMJVTTUV_STSA","Job vacancies, Total, Unfilled vacancies (stock), sa","M","Monthly","1993-03","Mar-1993",22047.22,,
"ESP","Spain","LMJVTTUV_STSA","Job vacancies, Total, Unfilled vacancies (stock), sa","M","Monthly","1993-04","Apr-1993",21129.83,,
"ESP","Spain","LMJVTTUV_STSA","Job vacancies, Total, Unfilled vacancies (stock), sa","M","Monthly","1993-05","May-1993",21956.37,,
"ESP","Spain","LMJVTTUV_STSA","Job vacancies, Total, Unfilled vacancies (stock), sa","M","Monthly","1993-06","Jun-1993",21413.95,,
"ESP","Spain","LMJVTTUV_STSA","Job vacancies, Total, Unfilled vacancies (stock), sa","M","Monthly","1993-07","Jul-1993",21261.25,,
"ESP","Spain","LMJVTTUV_STSA","Job vacancies, Total, Unfilled vacancies (stock), sa","M","Monthly","1993-08","Aug-1993",21542.92,,
"ESP","Spain","LMJVTTUV_STSA","Job vacancies, Total, Unfilled vacancies (stock), sa","M","Monthly","1993-09","Sep-1993",19642.31,,
"ESP","Spain","LMJVTTUV_STSA","Job vacancies, Total, Unfilled vacancies (stock), sa","M","Monthly","1993-10","Oct-1993",19508.32,,
"ESP","Spain","LMJVTTUV_STSA","Job vacancies, Total, Unfilled vacancies (stock), sa","M","Monthly","1993-11","Nov-1993",20192.96,,
"ESP","Spain","LMJVTTUV_STSA","Job vacancies, Total, Unfilled vacancies (stock), sa","M","Monthly","1993-12","Dec-1993",20883.02,,
"ESP","Spain","LMJVTTUV_STSA","Job vacancies, Total, Unfilled vacancies (stock), sa","M","Monthly","1994-01","Jan-1994",20141.89,,
"ESP","Spain","LMJVTTUV_STSA","Job vacancies, Total, Unfilled vacancies (stock), sa","M","Monthly","1994-02","Feb-1994",19610.61,,
"ESP","Spain","LMJVTTUV_STSA","Job vacancies, Total, Unfilled vacancies (stock), sa","M","Monthly","1994-03","Mar-1994",18008.61,,
"ESP","Spain","LMJVTTUV_STSA","Job vacancies, Total, Unfilled vacancies (stock), sa","M","Monthly","1994-04","Apr-1994",17152.46,,
"ESP","Spain","LMJVTTUV_STSA","Job vacancies, Total, Unfilled vacancies (stock), sa","M","Monthly","1994-05","May-1994",15566.23,,
"ESP","Spain","LMJVTTUV_STSA","Job vacancies, Total, Unfilled vacancies (stock), sa","M","Monthly","1994-06","Jun-1994",19833.72,,
"ESP","Spain","LMJVTTUV_STSA","Job vacancies, Total, Unfilled vacancies (stock), sa","M","Monthly","1994-07","Jul-1994",21517.45,,
"ESP","Spain","LMJVTTUV_STSA","Job vacancies, Total, Unfilled vacancies (stock), sa","M","Monthly","1994-08","Aug-1994",20235.91,,
"ESP","Spain","LMJVTTUV_STSA","Job vacancies, Total, Unfilled vacancies (stock), sa","M","Monthly","1994-09","Sep-1994",21621.63,,
"ESP","Spain","LMJVTTUV_STSA","Job vacancies, Total, Unfilled vacancies (stock), sa","M","Monthly","1994-10","Oct-1994",22011.73,,
"ESP","Spain","LMJVTTUV_STSA","Job vacancies, Total, Unfilled vacancies (stock), sa","M","Monthly","1994-11","Nov-1994",21257.32,,
"ESP","Spain","LMJVTTUV_STSA","Job vacancies, Total, Unfilled vacancies (stock), sa","M","Monthly","1994-12","Dec-1994",21581.36,,
"ESP","Spain","LMJVTTUV_STSA","Job vacancies, Total, Unfilled vacancies (stock), sa","M","Monthly","1995-01","Jan-1995",22032.23,,
"ESP","Spain","LMJVTTUV_STSA","Job vacancies, Total, Unfilled vacancies (stock), sa","M","Monthly","1995-02","Feb-1995",22145.74,,
"ESP","Spain","LMJVTTUV_STSA","Job vacancies, Total, Unfilled vacancies (stock), sa","M","Monthly","1995-03","Mar-1995",20665.66,,
"ESP","Spain","LMJVTTUV_STSA","Job vacancies, Total, Unfilled vacancies (stock), sa","M","Monthly","1995-04","Apr-1995",21938.24,,
"ESP","Spain","LMJVTTUV_STSA","Job vacancies, Total, Unfilled vacancies (stock), sa","M","Monthly","1995-05","May-1995",22998.06,,
"ESP","Spain","LMJVTTUV_STSA","Job vacancies, Total, Unfilled vacancies (stock), sa","M","Monthly","1995-06","Jun-1995",24620.41,,
"ESP","Spain","LMJVTTUV_STSA","Job vacancies, Total, Unfilled vacancies (stock), sa","M","Monthly","1995-07","Jul-1995",24019.93,,
"ESP","Spain","LMJVTTUV_STSA","Job vacancies, Total, Unfilled vacancies (stock), sa","M","Monthly","1995-08","Aug-1995",25571.32,,
"ESP","Spain","LMJVTTUV_STSA","Job vacancies, Total, Unfilled vacancies (stock), sa","M","Monthly","1995-09","Sep-1995",23115.93,,
"ESP","Spain","LMJVTTUV_STSA","Job vacancies, Total, Unfilled vacancies (stock), sa","M","Monthly","1995-10","Oct-1995",30849.08,,
"ESP","Spain","LMJVTTUV_STSA","Job vacancies, Total, Unfilled vacancies (stock), sa","M","Monthly","1995-11","Nov-1995",45797.04,,
"ESP","Spain","LMJVTTUV_STSA","Job vacancies, Total, Unfilled vacancies (stock), sa","M","Monthly","1995-12","Dec-1995",52417.96,,
"ESP","Spain","LMJVTTUV_STSA","Job vacancies, Total, Unfilled vacancies (stock), sa","M","Monthly","1996-01","Jan-1996",45815.9,,
"ESP","Spain","LMJVTTUV_STSA","Job vacancies, Total, Unfilled vacancies (stock), sa","M","Monthly","1996-02","Feb-1996",48421.16,,
"ESP","Spain","LMJVTTUV_STSA","Job vacancies, Total, Unfilled vacancies (stock), sa","M","Monthly","1996-03","Mar-1996",52554.09,,
"ESP","Spain","LMJVTTUV_STSA","Job vacancies, Total, Unfilled vacancies (stock), sa","M","Monthly","1996-04","Apr-1996",53708.1,,
"ESP","Spain","LMJVTTUV_STSA","Job vacancies, Total, Unfilled vacancies (stock), sa","M","Monthly","1996-05","May-1996",47301.9,,
"ESP","Spain","LMJVTTUV_STSA","Job vacancies, Total, Unfilled vacancies (stock), sa","M","Monthly","1996-06","Jun-1996",48421.38,,
"ESP","Spain","LMJVTTUV_STSA","Job vacancies, Total, Unfilled vacancies (stock), sa","M","Monthly","1996-07","Jul-1996",47320.8,,
"ESP","Spain","LMJVTTUV_STSA","Job vacancies, Total, Unfilled vacancies (stock), sa","M","Monthly","1996-08","Aug-1996",53297.48,,
"ESP","Spain","LMJVTTUV_STSA","Job vacancies, Total, Unfilled vacancies (stock), sa","M","Monthly","1996-09","Sep-1996",51185.16,,
"ESP","Spain","LMJVTTUV_STSA","Job vacancies, Total, Unfilled vacancies (stock), sa","M","Monthly","1996-10","Oct-1996",50661.75,,
"ESP","Spain","LMJVTTUV_STSA","Job vacancies, Total, Unfilled vacancies (stock), sa","M","Monthly","1996-11","Nov-1996",49820.12,,
"ESP","Spain","LMJVTTUV_STSA","Job vacancies, Total, Unfilled vacancies (stock), sa","M","Monthly","1996-12","Dec-1996",49171.73,,
"ESP","Spain","LMJVTTUV_STSA","Job vacancies, Total, Unfilled vacancies (stock), sa","M","Monthly","1997-01","Jan-1997",48180.33,,
"ESP","Spain","LMJVTTUV_STSA","Job vacancies, Total, Unfilled vacancies (stock), sa","M","Monthly","1997-02","Feb-1997",48988.89,,
"ESP","Spain","LMJVTTUV_STSA","Job vacancies, Total, Unfilled vacancies (stock), sa","M","Monthly","1997-03","Mar-1997",49676.07,,
"ESP","Spain","LMJVTTUV_STSA","Job vacancies, Total, Unfilled vacancies (stock), sa","M","Monthly","1997-04","Apr-1997",47894.48,,
"ESP","Spain","LMJVTTUV_STSA","Job vacancies, Total, Unfilled vacancies (stock), sa","M","Monthly","1997-05","May-1997",46423.26,,
"ESP","Spain","LMJVTTUV_STSA","Job vacancies, Total, Unfilled vacancies (stock), sa","M","Monthly","1997-06","Jun-1997",47821.59,,
"ESP","Spain","LMJVTTUV_STSA","Job vacancies, Total, Unfilled vacancies (stock), sa","M","Monthly","1997-07","Jul-1997",45359.64,,
"ESP","Spain","LMJVTTUV_STSA","Job vacancies, Total, Unfilled vacancies (stock), sa","M","Monthly","1997-08","Aug-1997",50906.42,,
"ESP","Spain","LMJVTTUV_STSA","Job vacancies, Total, Unfilled vacancies (stock), sa","M","Monthly","1997-09","Sep-1997",52512.41,,
"ESP","Spain","LMJVTTUV_STSA","Job vacancies, Total, Unfilled vacancies (stock), sa","M","Monthly","1997-10","Oct-1997",53801.97,,
"ESP","Spain","LMJVTTUV_STSA","Job vacancies, Total, Unfilled vacancies (stock), sa","M","Monthly","1997-11","Nov-1997",52353.88,,
"ESP","Spain","LMJVTTUV_STSA","Job vacancies, Total, Unfilled vacancies (stock), sa","M","Monthly","1997-12","Dec-1997",51622.06,,
"ESP","Spain","LMJVTTUV_STSA","Job vacancies, Total, Unfilled vacancies (stock), sa","M","Monthly","1998-01","Jan-1998",50798.51,,
"ESP","Spain","LMJVTTUV_STSA","Job vacancies, Total, Unfilled vacancies (stock), sa","M","Monthly","1998-02","Feb-1998",49062.75,,
"ESP","Spain","LMJVTTUV_STSA","Job vacancies, Total, Unfilled vacancies (stock), sa","M","Monthly","1998-03","Mar-1998",48975.41,,
"ESP","Spain","LMJVTTUV_STSA","Job vacancies, Total, Unfilled vacancies (stock), sa","M","Monthly","1998-04","Apr-1998",51941.82,,
"ESP","Spain","LMJVTTUV_STSA","Job vacancies, Total, Unfilled vacancies (stock), sa","M","Monthly","1998-05","May-1998",57075.7,,
"ESP","Spain","LMJVTTUV_STSA","Job vacancies, Total, Unfilled vacancies (stock), sa","M","Monthly","1998-06","Jun-1998",60530.4,,
"ESP","Spain","LMJVTTUV_STSA","Job vacancies, Total, Unfilled vacancies (stock), sa","M","Monthly","1998-07","Jul-1998",70024.23,,
"ESP","Spain","LMJVTTUV_STSA","Job vacancies, Total, Unfilled vacancies (stock), sa","M","Monthly","1998-08","Aug-1998",75601.3,,
"ESP","Spain","LMJVTTUV_STSA","Job vacancies, Total, Unfilled vacancies (stock), sa","M","Monthly","1998-09","Sep-1998",89120.61,,
"ESP","Spain","LMJVTTUV_STSA","Job vacancies, Total, Unfilled vacancies (stock), sa","M","Monthly","1998-10","Oct-1998",102779,,
"ESP","Spain","LMJVTTUV_STSA","Job vacancies, Total, Unfilled vacancies (stock), sa","M","Monthly","1998-11","Nov-1998",118616.5,,
"ESP","Spain","LMJVTTUV_STSA","Job vacancies, Total, Unfilled vacancies (stock), sa","M","Monthly","1998-12","Dec-1998",129703.1,,
"ESP","Spain","LMJVTTUV_STSA","Job vacancies, Total, Unfilled vacancies (stock), sa","M","Monthly","1999-01","Jan-1999",140264.8,,
"ESP","Spain","LMJVTTUV_STSA","Job vacancies, Total, Unfilled vacancies (stock), sa","M","Monthly","1999-02","Feb-1999",154712.9,,
"ESP","Spain","LMJVTTUV_STSA","Job vacancies, Total, Unfilled vacancies (stock), sa","M","Monthly","1999-03","Mar-1999",165613.4,,
"ESP","Spain","LMJVTTUV_STSA","Job vacancies, Total, Unfilled vacancies (stock), sa","M","Monthly","1999-04","Apr-1999",178504.3,,
"ESP","Spain","LMJVTTUV_STSA","Job vacancies, Total, Unfilled vacancies (stock), sa","M","Monthly","1999-05","May-1999",182270.7,,
"ESP","Spain","LMJVTTUV_STSA","Job vacancies, Total, Unfilled vacancies (stock), sa","M","Monthly","1999-06","Jun-1999",201496.3,,
"ESP","Spain","LMJVTTUV_STSA","Job vacancies, Total, Unfilled vacancies (stock), sa","M","Monthly","1999-07","Jul-1999",216538.6,,
"ESP","Spain","LMJVTTUV_STSA","Job vacancies, Total, Unfilled vacancies (stock), sa","M","Monthly","1999-08","Aug-1999",98538.02,,
"ESP","Spain","LMJVTTUV_STSA","Job vacancies, Total, Unfilled vacancies (stock), sa","M","Monthly","1999-09","Sep-1999",89833.06,,
"ESP","Spain","LMJVTTUV_STSA","Job vacancies, Total, Unfilled vacancies (stock), sa","M","Monthly","1999-10","Oct-1999",87227.32,,
"ESP","Spain","LMJVTTUV_STSA","Job vacancies, Total, Unfilled vacancies (stock), sa","M","Monthly","1999-11","Nov-1999",93826.27,,
"ESP","Spain","LMJVTTUV_STSA","Job vacancies, Total, Unfilled vacancies (stock), sa","M","Monthly","1999-12","Dec-1999",93898.02,,
"ESP","Spain","LMJVTTUV_STSA","Job vacancies, Total, Unfilled vacancies (stock), sa","M","Monthly","2000-01","Jan-2000",95554.49,,
"ESP","Spain","LMJVTTUV_STSA","Job vacancies, Total, Unfilled vacancies (stock), sa","M","Monthly","2000-02","Feb-2000",96160.03,,
"ESP","Spain","LMJVTTUV_STSA","Job vacancies, Total, Unfilled vacancies (stock), sa","M","Monthly","2000-03","Mar-2000",99761.2,,
"ESP","Spain","LMJVTTUV_STSA","Job vacancies, Total, Unfilled vacancies (stock), sa","M","Monthly","2000-04","Apr-2000",98945.05,,
"ESP","Spain","LMJVTTUV_STSA","Job vacancies, Total, Unfilled vacancies (stock), sa","M","Monthly","2000-05","May-2000",102313.4,,
"ESP","Spain","LMJVTTUV_STSA","Job vacancies, Total, Unfilled vacancies (stock), sa","M","Monthly","2000-06","Jun-2000",111991.6,,
"ESP","Spain","LMJVTTUV_STSA","Job vacancies, Total, Unfilled vacancies (stock), sa","M","Monthly","2000-07","Jul-2000",112592.2,,
"ESP","Spain","LMJVTTUV_STSA","Job vacancies, Total, Unfilled vacancies (stock), sa","M","Monthly","2000-08","Aug-2000",108484.8,,
"ESP","Spain","LMJVTTUV_STSA","Job vacancies, Total, Unfilled vacancies (stock), sa","M","Monthly","2000-09","Sep-2000",111379.3,,
"ESP","Spain","LMJVTTUV_STSA","Job vacancies, Total, Unfilled vacancies (stock), sa","M","Monthly","2000-10","Oct-2000",112183.8,,
"ESP","Spain","LMJVTTUV_STSA","Job vacancies, Total, Unfilled vacancies (stock), sa","M","Monthly","2000-11","Nov-2000",115410.7,,
"ESP","Spain","LMJVTTUV_STSA","Job vacancies, Total, Unfilled vacancies (stock), sa","M","Monthly","2000-12","Dec-2000",116315.3,,
"ESP","Spain","LMJVTTUV_STSA","Job vacancies, Total, Unfilled vacancies (stock), sa","M","Monthly","2001-01","Jan-2001",113848.2,,
"ESP","Spain","LMJVTTUV_STSA","Job vacancies, Total, Unfilled vacancies (stock), sa","M","Monthly","2001-02","Feb-2001",113813.3,,
"ESP","Spain","LMJVTTUV_STSA","Job vacancies, Total, Unfilled vacancies (stock), sa","M","Monthly","2001-03","Mar-2001",112036,,
"ESP","Spain","LMJVTTUV_STSA","Job vacancies, Total, Unfilled vacancies (stock), sa","M","Monthly","2001-04","Apr-2001",121313.7,,
"ESP","Spain","LMJVTTUV_STSA","Job vacancies, Total, Unfilled vacancies (stock), sa","M","Monthly","2001-05","May-2001",124590.1,,
"ESP","Spain","LMJVTTUV_STSA","Job vacancies, Total, Unfilled vacancies (stock), sa","M","Monthly","2001-06","Jun-2001",99690.01,,
"ESP","Spain","LMJVTTUV_STSA","Job vacancies, Total, Unfilled vacancies (stock), sa","M","Monthly","2001-07","Jul-2001",103472.2,,
"ESP","Spain","LMJVTTUV_STSA","Job vacancies, Total, Unfilled vacancies (stock), sa","M","Monthly","2001-08","Aug-2001",111832,,
"ESP","Spain","LMJVTTUV_STSA","Job vacancies, Total, Unfilled vacancies (stock), sa","M","Monthly","2001-09","Sep-2001",117712.2,,
"ESP","Spain","LMJVTTUV_STSA","Job vacancies, Total, Unfilled vacancies (stock), sa","M","Monthly","2001-10","Oct-2001",128199.7,,
"ESP","Spain","LMJVTTUV_STSA","Job vacancies, Total, Unfilled vacancies (stock), sa","M","Monthly","2001-11","Nov-2001",128723.1,,
"ESP","Spain","LMJVTTUV_STSA","Job vacancies, Total, Unfilled vacancies (stock), sa","M","Monthly","2001-12","Dec-2001",121757.6,,
"ESP","Spain","LMJVTTUV_STSA","Job vacancies, Total, Unfilled vacancies (stock), sa","M","Monthly","2002-01","Jan-2002",123163,,
"ESP","Spain","LMJVTTUV_STSA","Job vacancies, Total, Unfilled vacancies (stock), sa","M","Monthly","2002-02","Feb-2002",123714.1,,
"ESP","Spain","LMJVTTUV_STSA","Job vacancies, Total, Unfilled vacancies (stock), sa","M","Monthly","2002-03","Mar-2002",121099.2,,
"ESP","Spain","LMJVTTUV_STSA","Job vacancies, Total, Unfilled vacancies (stock), sa","M","Monthly","2002-04","Apr-2002",120374.6,,
"ESP","Spain","LMJVTTUV_STSA","Job vacancies, Total, Unfilled vacancies (stock), sa","M","Monthly","2002-05","May-2002",125533.5,,
"ESP","Spain","LMJVTTUV_STSA","Job vacancies, Total, Unfilled vacancies (stock), sa","M","Monthly","2002-06","Jun-2002",133417.7,,
"ESP","Spain","LMJVTTUV_STSA","Job vacancies, Total, Unfilled vacancies (stock), sa","M","Monthly","2002-07","Jul-2002",132317.4,,
"ESP","Spain","LMJVTTUV_STSA","Job vacancies, Total, Unfilled vacancies (stock), sa","M","Monthly","2002-08","Aug-2002",134204.6,,
"ESP","Spain","LMJVTTUV_STSA","Job vacancies, Total, Unfilled vacancies (stock), sa","M","Monthly","2002-09","Sep-2002",137498.3,,
"ESP","Spain","LMJVTTUV_STSA","Job vacancies, Total, Unfilled vacancies (stock), sa","M","Monthly","2002-10","Oct-2002",138302.3,,
"ESP","Spain","LMJVTTUV_STSA","Job vacancies, Total, Unfilled vacancies (stock), sa","M","Monthly","2002-11","Nov-2002",137631.2,,
"ESP","Spain","LMJVTTUV_STSA","Job vacancies, Total, Unfilled vacancies (stock), sa","M","Monthly","2002-12","Dec-2002",140927.7,,
"ESP","Spain","LMJVTTUV_STSA","Job vacancies, Total, Unfilled vacancies (stock), sa","M","Monthly","2003-01","Jan-2003",144009.7,,
"ESP","Spain","LMJVTTUV_STSA","Job vacancies, Total, Unfilled vacancies (stock), sa","M","Monthly","2003-02","Feb-2003",139325.4,,
"ESP","Spain","LMJVTTUV_STSA","Job vacancies, Total, Unfilled vacancies (stock), sa","M","Monthly","2003-03","Mar-2003",147144.4,,
"ESP","Spain","LMJVTTUV_STSA","Job vacancies, Total, Unfilled vacancies (stock), sa","M","Monthly","2003-04","Apr-2003",171536.2,,
"ESP","Spain","LMJVTTUV_STSA","Job vacancies, Total, Unfilled vacancies (stock), sa","M","Monthly","2003-05","May-2003",150024.8,,
"ESP","Spain","LMJVTTUV_STSA","Job vacancies, Total, Unfilled vacancies (stock), sa","M","Monthly","2003-06","Jun-2003",145860.4,,
"ESP","Spain","LMJVTTUV_STSA","Job vacancies, Total, Unfilled vacancies (stock), sa","M","Monthly","2003-07","Jul-2003",149964.4,,
"ESP","Spain","LMJVTTUV_STSA","Job vacancies, Total, Unfilled vacancies (stock), sa","M","Monthly","2003-08","Aug-2003",152360.7,,
"ESP","Spain","LMJVTTUV_STSA","Job vacancies, Total, Unfilled vacancies (stock), sa","M","Monthly","2003-09","Sep-2003",151572.6,,
"ESP","Spain","LMJVTTUV_STSA","Job vacancies, Total, Unfilled vacancies (stock), sa","M","Monthly","2003-10","Oct-2003",147025.1,,
"ESP","Spain","LMJVTTUV_STSA","Job vacancies, Total, Unfilled vacancies (stock), sa","M","Monthly","2003-11","Nov-2003",147971.4,,
"ESP","Spain","LMJVTTUV_STSA","Job vacancies, Total, Unfilled vacancies (stock), sa","M","Monthly","2003-12","Dec-2003",147678.5,,
"ESP","Spain","LMJVTTUV_STSA","Job vacancies, Total, Unfilled vacancies (stock), sa","M","Monthly","2004-01","Jan-2004",145909.1,,
"ESP","Spain","LMJVTTUV_STSA","Job vacancies, Total, Unfilled vacancies (stock), sa","M","Monthly","2004-02","Feb-2004",153688.4,,
"ESP","Spain","LMJVTTUV_STSA","Job vacancies, Total, Unfilled vacancies (stock), sa","M","Monthly","2004-03","Mar-2004",151079.9,,
"ESP","Spain","LMJVTTUV_STSA","Job vacancies, Total, Unfilled vacancies (stock), sa","M","Monthly","2004-04","Apr-2004",139442.3,,
"ESP","Spain","LMJVTTUV_STSA","Job vacancies, Total, Unfilled vacancies (stock), sa","M","Monthly","2004-05","May-2004",141399.2,,
"ESP","Spain","LMJVTTUV_STSA","Job vacancies, Total, Unfilled vacancies (stock), sa","M","Monthly","2004-06","Jun-2004",144439.8,,
"ESP","Spain","LMJVTTUV_STSA","Job vacancies, Total, Unfilled vacancies (stock), sa","M","Monthly","2004-07","Jul-2004",146453,,
"ESP","Spain","LMJVTTUV_STSA","Job vacancies, Total, Unfilled vacancies (stock), sa","M","Monthly","2004-08","Aug-2004",154662.6,,
"ESP","Spain","LMJVTTUV_STSA","Job vacancies, Total, Unfilled vacancies (stock), sa","M","Monthly","2004-09","Sep-2004",153191.3,,
"ESP","Spain","LMJVTTUV_STSA","Job vacancies, Total, Unfilled vacancies (stock), sa","M","Monthly","2004-10","Oct-2004",154029.5,,
"ESP","Spain","LMJVTTUV_STSA","Job vacancies, Total, Unfilled vacancies (stock), sa","M","Monthly","2004-11","Nov-2004",158968.4,,
"ESP","Spain","LMJVTTUV_STSA","Job vacancies, Total, Unfilled vacancies (stock), sa","M","Monthly","2004-12","Dec-2004",165121.3,,
"ESP","Spain","LMJVTTUV_STSA","Job vacancies, Total, Unfilled vacancies (stock), sa","M","Monthly","2005-01","Jan-2005",162181.9,,
"ESP","Spain","LMJVTTUV_STSA","Job vacancies, Total, Unfilled vacancies (stock), sa","M","Monthly","2005-02","Feb-2005",165105,,
"ESP","Spain","LMJVTTUV_STSA","Job vacancies, Total, Unfilled vacancies (stock), sa","M","Monthly","2005-03","Mar-2005",154920.5,,
"ESP","Spain","LMJVTTUV_STSA","Job vacancies, Total, Unfilled vacancies (stock), sa","M","Monthly","2005-04","Apr-2005",163673.9,,
